g id	ids	ids pert	comparison	sample id
g1	t3;t8;t9	t1;t10;t2;t4;t5;t6;t7	test	f10
g1	t3;t8;t9	t1;t10;t2;t4;t5;t6;t7	test	f4
g1	t3;t8;t9	t1;t10;t2;t4;t5;t6;t7	test	f14
g10	t14;t15;t17;t18	t11;t12;t13;t16;t19;t20	test	f18
g10	t14;t15;t17;t18	t11;t12;t13;t16;t19;t20	test	f6
g10	t14;t15;t17;t18	t11;t12;t13;t16;t19;t20	test	f9
g100	t27;t29;t30	t21;t22;t23;t24;t25;t26;t28;t31	test	f19
g100	t27;t29;t30	t21;t22;t23;t24;t25;t26;t28;t31	test	f6
g101	t32;t34;t36;t38;t42	t33;t35;t37;t39;t40;t41	test	f17
g101	t32;t34;t36;t38;t42	t33;t35;t37;t39;t40;t41	test	f9
g101	t32;t34;t36;t38;t42	t33;t35;t37;t39;t40;t41	test	f18
g102	t43;t46;t47	t44;t45;t48	test	f3
g102	t43;t46;t47	t44;t45;t48	test	f18
g102	t43;t46;t47	t44;t45;t48	test	f8
g103	t49;t51;t55;t56	t50;t52;t53;t54;t57	test	f17
g103	t49;t51;t55;t56	t50;t52;t53;t54;t57	test	f4
g103	t49;t51;t55;t56	t50;t52;t53;t54;t57	test	f20
g104	t60;t66;t67	t58;t59;t61;t62;t63;t64;t65	test	f6
g104	t60;t66;t67	t58;t59;t61;t62;t63;t64;t65	test	f13
g104	t60;t66;t67	t58;t59;t61;t62;t63;t64;t65	test	f7
g105	t68;t69;t73;t74;t78	t70;t71;t72;t75;t76;t77;t79	test	f3
g105	t68;t69;t73;t74;t78	t70;t71;t72;t75;t76;t77;t79	test	f2
g105	t68;t69;t73;t74;t78	t70;t71;t72;t75;t76;t77;t79	test	f17
g106	t83;t84;t85;t87	t80;t81;t82;t86	test	f14
g106	t83;t84;t85;t87	t80;t81;t82;t86	test	f18
g106	t83;t84;t85;t87	t80;t81;t82;t86	test	f3
g107	t90;t93;t95;t96;t98	t88;t89;t91;t92;t94;t97;t99	test	f3
g107	t90;t93;t95;t96;t98	t88;t89;t91;t92;t94;t97;t99	test	f20
g107	t90;t93;t95;t96;t98	t88;t89;t91;t92;t94;t97;t99	test	f6
g108	t102;t107	t100;t101;t103;t104;t105;t106	test	f9
g108	t102;t107	t100;t101;t103;t104;t105;t106	test	f18
g108	t102;t107	t100;t101;t103;t104;t105;t106	test	f1
g109	t109;t112;t113;t115	t108;t110;t111;t114	test	f13
g109	t109;t112;t113;t115	t108;t110;t111;t114	test	f11
g109	t109;t112;t113;t115	t108;t110;t111;t114	test	f19
g11	t117;t121;t123	t116;t118;t119;t120;t122;t124	test	f17
g11	t117;t121;t123	t116;t118;t119;t120;t122;t124	test	f2
g11	t117;t121;t123	t116;t118;t119;t120;t122;t124	test	f13
g110	t126;t128;t134;t135;t136	t125;t127;t129;t130;t131;t132;t133	test	f8
g110	t126;t128;t134;t135;t136	t125;t127;t129;t130;t131;t132;t133	test	f12
g110	t126;t128;t134;t135;t136	t125;t127;t129;t130;t131;t132;t133	test	f20
g111	t138;t139;t140;t144;t146	t137;t141;t142;t143;t145;t147;t148;t149	test	f7
g111	t138;t139;t140;t144;t146	t137;t141;t142;t143;t145;t147;t148;t149	test	f9
g111	t138;t139;t140;t144;t146	t137;t141;t142;t143;t145;t147;t148;t149	test	f6
g112	t150;t152;t154;t155;t158	t151;t153;t156;t157;t159;t160;t161	test	f6
g112	t150;t152;t154;t155;t158	t151;t153;t156;t157;t159;t160;t161	test	f7
g112	t150;t152;t154;t155;t158	t151;t153;t156;t157;t159;t160;t161	test	f18
g113	t162;t164;t166;t167;t168	t163;t165;t169;t170;t171	test	f14
g113	t162;t164;t166;t167;t168	t163;t165;t169;t170;t171	test	f12
g113	t162;t164;t166;t167;t168	t163;t165;t169;t170;t171	test	f15
g114	t173;t174;t175;t181;t182	t172;t176;t177;t178;t179;t180;t183	test	f13
g114	t173;t174;t175;t181;t182	t172;t176;t177;t178;t179;t180;t183	test	f4
g114	t173;t174;t175;t181;t182	t172;t176;t177;t178;t179;t180;t183	test	f20
g115	t185;t187;t189;t190;t196;t197	t184;t186;t188;t191;t192;t193;t194;t195;t198	test	f10
g115	t185;t187;t189;t190;t196;t197	t184;t186;t188;t191;t192;t193;t194;t195;t198	test	f7
g116	t199;t202;t203	t200;t201;t204;t205;t206	test	f11
g116	t199;t202;t203	t200;t201;t204;t205;t206	test	f9
g116	t199;t202;t203	t200;t201;t204;t205;t206	test	f18
g117	t209;t211;t213;t219	t207;t208;t210;t212;t214;t215;t216;t217;t218;t220	test	f11
g117	t209;t211;t213;t219	t207;t208;t210;t212;t214;t215;t216;t217;t218;t220	test	f9
g117	t209;t211;t213;t219	t207;t208;t210;t212;t214;t215;t216;t217;t218;t220	test	f15
g118	t221;t222;t225;t228	t223;t224;t226;t227	test	f10
g118	t221;t222;t225;t228	t223;t224;t226;t227	test	f18
g118	t221;t222;t225;t228	t223;t224;t226;t227	test	f8
g119	t230;t232;t233;t240	t229;t231;t234;t235;t236;t237;t238;t239;t241	test	f17
g119	t230;t232;t233;t240	t229;t231;t234;t235;t236;t237;t238;t239;t241	test	f18
g119	t230;t232;t233;t240	t229;t231;t234;t235;t236;t237;t238;t239;t241	test	f11
g12	t242;t245;t246	t243;t244;t247;t248	test	f2
g12	t242;t245;t246	t243;t244;t247;t248	test	f4
g12	t242;t245;t246	t243;t244;t247;t248	test	f11
g120	t252;t254;t256;t258	t249;t250;t251;t253;t255;t257	test	f15
g120	t252;t254;t256;t258	t249;t250;t251;t253;t255;t257	test	f12
g120	t252;t254;t256;t258	t249;t250;t251;t253;t255;t257	test	f19
g121	t260;t265	t259;t261;t262;t263;t264	test	f17
g121	t260;t265	t259;t261;t262;t263;t264	test	f7
g121	t260;t265	t259;t261;t262;t263;t264	test	f18
g122	t266;t267;t268;t274;t275	t269;t270;t271;t272;t273	test	f9
g122	t266;t267;t268;t274;t275	t269;t270;t271;t272;t273	test	f6
g122	t266;t267;t268;t274;t275	t269;t270;t271;t272;t273	test	f12
g123	t277;t278;t279;t283	t276;t280;t281;t282;t284;t285	test	f17
g123	t277;t278;t279;t283	t276;t280;t281;t282;t284;t285	test	f11
g123	t277;t278;t279;t283	t276;t280;t281;t282;t284;t285	test	f13
g124	t288;t290;t294	t286;t287;t289;t291;t292;t293;t295;t296	test	f18
g124	t288;t290;t294	t286;t287;t289;t291;t292;t293;t295;t296	test	f10
g124	t288;t290;t294	t286;t287;t289;t291;t292;t293;t295;t296	test	f17
g125	t297;t299;t301;t302;t309	t298;t300;t303;t304;t305;t306;t307;t308	test	f9
g125	t297;t299;t301;t302;t309	t298;t300;t303;t304;t305;t306;t307;t308	test	f5
g125	t297;t299;t301;t302;t309	t298;t300;t303;t304;t305;t306;t307;t308	test	f14
g126	t315;t316;t319;t322;t324	t310;t311;t312;t313;t314;t317;t318;t320;t321;t323	test	f9
g126	t315;t316;t319;t322;t324	t310;t311;t312;t313;t314;t317;t318;t320;t321;t323	test	f17
g127	t327;t329;t332;t333	t325;t326;t328;t330;t331;t334	test	f15
g127	t327;t329;t332;t333	t325;t326;t328;t330;t331;t334	test	f20
g127	t327;t329;t332;t333	t325;t326;t328;t330;t331;t334	test	f12
g128	t335	t336;t337	test	f16
g128	t335	t336;t337	test	f9
g128	t335	t336;t337	test	f8
g129	t339;t340;t341;t344	t338;t342;t343;t345;t346;t347	test	f14
g129	t339;t340;t341;t344	t338;t342;t343;t345;t346;t347	test	f11
g129	t339;t340;t341;t344	t338;t342;t343;t345;t346;t347	test	f13
g13	t348;t351	t349;t350	test	f16
g13	t348;t351	t349;t350	test	f17
g13	t348;t351	t349;t350	test	f10
g130	t352;t356;t359;t361;t362	t353;t354;t355;t357;t358;t360;t363;t364	test	f13
g130	t352;t356;t359;t361;t362	t353;t354;t355;t357;t358;t360;t363;t364	test	f17
g130	t352;t356;t359;t361;t362	t353;t354;t355;t357;t358;t360;t363;t364	test	f19
g131	t367;t368;t370;t371;t372;t379	t365;t366;t369;t373;t374;t375;t376;t377;t378;t380	test	f20
g131	t367;t368;t370;t371;t372;t379	t365;t366;t369;t373;t374;t375;t376;t377;t378;t380	test	f9
g131	t367;t368;t370;t371;t372;t379	t365;t366;t369;t373;t374;t375;t376;t377;t378;t380	test	f13
g132	t385;t386;t387;t388	t381;t382;t383;t384	test	f20
g132	t385;t386;t387;t388	t381;t382;t383;t384	test	f18
g132	t385;t386;t387;t388	t381;t382;t383;t384	test	f3
g133	t393;t395;t396;t397	t389;t390;t391;t392;t394;t398	test	f2
g133	t393;t395;t396;t397	t389;t390;t391;t392;t394;t398	test	f7
g134	t399;t400;t405;t406;t407	t401;t402;t403;t404;t408;t409	test	f17
g134	t399;t400;t405;t406;t407	t401;t402;t403;t404;t408;t409	test	f14
g134	t399;t400;t405;t406;t407	t401;t402;t403;t404;t408;t409	test	f3
g135	t410;t415;t417	t411;t412;t413;t414;t416	test	f10
g135	t410;t415;t417	t411;t412;t413;t414;t416	test	f7
g136	t418;t421;t423	t419;t420;t422	test	f5
g136	t418;t421;t423	t419;t420;t422	test	f19
g136	t418;t421;t423	t419;t420;t422	test	f6
g137	t424;t425;t426;t429	t427;t428;t430;t431;t432;t433	test	f15
g137	t424;t425;t426;t429	t427;t428;t430;t431;t432;t433	test	f6
g137	t424;t425;t426;t429	t427;t428;t430;t431;t432;t433	test	f5
g138	t434;t435;t438;t439;t444;t445	t436;t437;t440;t441;t442;t443;t446;t447;t448;t449	test	f16
g138	t434;t435;t438;t439;t444;t445	t436;t437;t440;t441;t442;t443;t446;t447;t448;t449	test	f5
g138	t434;t435;t438;t439;t444;t445	t436;t437;t440;t441;t442;t443;t446;t447;t448;t449	test	f17
g139	t450;t453;t456	t451;t452;t454;t455	test	f9
g139	t450;t453;t456	t451;t452;t454;t455	test	f20
g14	t457;t459;t461;t463;t464	t458;t460;t462;t465;t466	test	f9
g14	t457;t459;t461;t463;t464	t458;t460;t462;t465;t466	test	f13
g14	t457;t459;t461;t463;t464	t458;t460;t462;t465;t466	test	f3
g140	t471;t472;t473;t477	t467;t468;t469;t470;t474;t475;t476	test	f17
g140	t471;t472;t473;t477	t467;t468;t469;t470;t474;t475;t476	test	f9
g140	t471;t472;t473;t477	t467;t468;t469;t470;t474;t475;t476	test	f20
g141	t478;t480;t483;t484	t479;t481;t482;t485;t486	test	f13
g141	t478;t480;t483;t484	t479;t481;t482;t485;t486	test	f14
g141	t478;t480;t483;t484	t479;t481;t482;t485;t486	test	f3
g142	t489;t491;t492;t493;t497	t487;t488;t490;t494;t495;t496	test	f11
g142	t489;t491;t492;t493;t497	t487;t488;t490;t494;t495;t496	test	f1
g142	t489;t491;t492;t493;t497	t487;t488;t490;t494;t495;t496	test	f3
g143	t498;t499	t500;t501;t502;t503;t504	test	f3
g143	t498;t499	t500;t501;t502;t503;t504	test	f1
g143	t498;t499	t500;t501;t502;t503;t504	test	f17
g144	t505;t507;t508	t506;t509;t510;t511	test	f17
g144	t505;t507;t508	t506;t509;t510;t511	test	f16
g144	t505;t507;t508	t506;t509;t510;t511	test	f2
g145	t514;t516;t517;t521	t512;t513;t515;t518;t519;t520	test	f7
g145	t514;t516;t517;t521	t512;t513;t515;t518;t519;t520	test	f1
g145	t514;t516;t517;t521	t512;t513;t515;t518;t519;t520	test	f16
g146	t522;t523;t529;t531	t524;t525;t526;t527;t528;t530;t532	test	f18
g146	t522;t523;t529;t531	t524;t525;t526;t527;t528;t530;t532	test	f9
g147	t534;t535;t541;t544	t533;t536;t537;t538;t539;t540;t542;t543;t545	test	f6
g147	t534;t535;t541;t544	t533;t536;t537;t538;t539;t540;t542;t543;t545	test	f2
g147	t534;t535;t541;t544	t533;t536;t537;t538;t539;t540;t542;t543;t545	test	f18
g148	t546;t547;t551	t548;t549;t550	test	f17
g148	t546;t547;t551	t548;t549;t550	test	f4
g148	t546;t547;t551	t548;t549;t550	test	f20
g149	t553;t554;t556;t557	t552;t555;t558;t559;t560	test	f14
g149	t553;t554;t556;t557	t552;t555;t558;t559;t560	test	f10
g149	t553;t554;t556;t557	t552;t555;t558;t559;t560	test	f20
g15	t562;t565;t566;t567	t561;t563;t564;t568	test	f1
g15	t562;t565;t566;t567	t561;t563;t564;t568	test	f12
g15	t562;t565;t566;t567	t561;t563;t564;t568	test	f9
g150	t571;t573	t569;t570;t572	test	f19
g150	t571;t573	t569;t570;t572	test	f3
g150	t571;t573	t569;t570;t572	test	f6
g151	t574;t577;t579	t575;t576;t578;t580;t581	test	f8
g151	t574;t577;t579	t575;t576;t578;t580;t581	test	f1
g151	t574;t577;t579	t575;t576;t578;t580;t581	test	f17
g152	t584;t587;t589;t590	t582;t583;t585;t586;t588	test	f4
g152	t584;t587;t589;t590	t582;t583;t585;t586;t588	test	f18
g152	t584;t587;t589;t590	t582;t583;t585;t586;t588	test	f8
g153	t591;t596;t599;t601;t602;t603	t592;t593;t594;t595;t597;t598;t600	test	f12
g153	t591;t596;t599;t601;t602;t603	t592;t593;t594;t595;t597;t598;t600	test	f1
g153	t591;t596;t599;t601;t602;t603	t592;t593;t594;t595;t597;t598;t600	test	f9
g154	t607;t610;t613;t617;t618;t620	t604;t605;t606;t608;t609;t611;t612;t614;t615;t616;t619	test	f16
g154	t607;t610;t613;t617;t618;t620	t604;t605;t606;t608;t609;t611;t612;t614;t615;t616;t619	test	f19
g154	t607;t610;t613;t617;t618;t620	t604;t605;t606;t608;t609;t611;t612;t614;t615;t616;t619	test	f3
g155	t621;t622;t623	t624;t625;t626;t627;t628	test	f1
g155	t621;t622;t623	t624;t625;t626;t627;t628	test	f19
g156	t629;t632;t635;t638	t630;t631;t633;t634;t636;t637;t639	test	f13
g156	t629;t632;t635;t638	t630;t631;t633;t634;t636;t637;t639	test	f14
g156	t629;t632;t635;t638	t630;t631;t633;t634;t636;t637;t639	test	f4
g157	t642;t644;t648;t649	t640;t641;t643;t645;t646;t647;t650	test	f4
g157	t642;t644;t648;t649	t640;t641;t643;t645;t646;t647;t650	test	f14
g157	t642;t644;t648;t649	t640;t641;t643;t645;t646;t647;t650	test	f16
g158	t654;t655;t656;t657;t660;t662	t651;t652;t653;t658;t659;t661	test	f5
g158	t654;t655;t656;t657;t660;t662	t651;t652;t653;t658;t659;t661	test	f19
g158	t654;t655;t656;t657;t660;t662	t651;t652;t653;t658;t659;t661	test	f16
g159	t663;t665;t670;t671;t673;t674	t664;t666;t667;t668;t669;t672	test	f2
g159	t663;t665;t670;t671;t673;t674	t664;t666;t667;t668;t669;t672	test	f14
g159	t663;t665;t670;t671;t673;t674	t664;t666;t667;t668;t669;t672	test	f12
g16	t676;t680	t675;t677;t678;t679;t681	test	f16
g16	t676;t680	t675;t677;t678;t679;t681	test	f10
g160	t684;t685;t688;t689	t682;t683;t686;t687;t690;t691	test	f13
g160	t684;t685;t688;t689	t682;t683;t686;t687;t690;t691	test	f11
g160	t684;t685;t688;t689	t682;t683;t686;t687;t690;t691	test	f16
g161	t692;t694	t693;t695;t696	test	f12
g161	t692;t694	t693;t695;t696	test	f18
g161	t692;t694	t693;t695;t696	test	f3
g162	t698;t700	t697;t699;t701;t702;t703	test	f6
g162	t698;t700	t697;t699;t701;t702;t703	test	f11
g162	t698;t700	t697;t699;t701;t702;t703	test	f17
g163	t704;t706;t711;t712	t705;t707;t708;t709;t710	test	f20
g163	t704;t706;t711;t712	t705;t707;t708;t709;t710	test	f19
g163	t704;t706;t711;t712	t705;t707;t708;t709;t710	test	f11
g164	t714;t717;t718;t719;t725	t713;t715;t716;t720;t721;t722;t723;t724	test	f14
g164	t714;t717;t718;t719;t725	t713;t715;t716;t720;t721;t722;t723;t724	test	f11
g164	t714;t717;t718;t719;t725	t713;t715;t716;t720;t721;t722;t723;t724	test	f13
g165	t731;t733;t736;t737;t739;t740	t726;t727;t728;t729;t730;t732;t734;t735;t738	test	f1
g165	t731;t733;t736;t737;t739;t740	t726;t727;t728;t729;t730;t732;t734;t735;t738	test	f8
g165	t731;t733;t736;t737;t739;t740	t726;t727;t728;t729;t730;t732;t734;t735;t738	test	f17
g166	t741;t745;t747;t748;t749	t742;t743;t744;t746;t750	test	f17
g166	t741;t745;t747;t748;t749	t742;t743;t744;t746;t750	test	f13
g166	t741;t745;t747;t748;t749	t742;t743;t744;t746;t750	test	f3
g167	t756;t757;t759;t760	t751;t752;t753;t754;t755;t758	test	f8
g167	t756;t757;t759;t760	t751;t752;t753;t754;t755;t758	test	f1
g167	t756;t757;t759;t760	t751;t752;t753;t754;t755;t758	test	f18
g168	t762;t765;t766;t768	t761;t763;t764;t767	test	f4
g168	t762;t765;t766;t768	t761;t763;t764;t767	test	f7
g168	t762;t765;t766;t768	t761;t763;t764;t767	test	f19
g169	t769;t772	t770;t771;t773	test	f1
g169	t769;t772	t770;t771;t773	test	f17
g169	t769;t772	t770;t771;t773	test	f4
g17	t774;t776;t778;t779;t782	t775;t777;t780;t781;t783;t784	test	f4
g17	t774;t776;t778;t779;t782	t775;t777;t780;t781;t783;t784	test	f11
g17	t774;t776;t778;t779;t782	t775;t777;t780;t781;t783;t784	test	f6
g170	t787;t789;t791	t785;t786;t788;t790;t792;t793;t794;t795;t796	test	f1
g170	t787;t789;t791	t785;t786;t788;t790;t792;t793;t794;t795;t796	test	f3
g170	t787;t789;t791	t785;t786;t788;t790;t792;t793;t794;t795;t796	test	f5
g171	t797;t800;t805	t798;t799;t801;t802;t803;t804;t806;t807	test	f20
g171	t797;t800;t805	t798;t799;t801;t802;t803;t804;t806;t807	test	f19
g171	t797;t800;t805	t798;t799;t801;t802;t803;t804;t806;t807	test	f9
g172	t808;t810;t811	t809;t812;t813;t814;t815	test	f19
g172	t808;t810;t811	t809;t812;t813;t814;t815	test	f15
g172	t808;t810;t811	t809;t812;t813;t814;t815	test	f16
g173	t816;t818;t819	t817;t820;t821	test	f17
g173	t816;t818;t819	t817;t820;t821	test	f11
g173	t816;t818;t819	t817;t820;t821	test	f10
g174	t824;t827	t822;t823;t825;t826	test	f20
g174	t824;t827	t822;t823;t825;t826	test	f13
g174	t824;t827	t822;t823;t825;t826	test	f16
g175	t828;t829;t830;t833	t831;t832;t834;t835	test	f4
g175	t828;t829;t830;t833	t831;t832;t834;t835	test	f14
g175	t828;t829;t830;t833	t831;t832;t834;t835	test	f10
g176	t837;t839;t840;t843;t846	t836;t838;t841;t842;t844;t845;t847	test	f11
g176	t837;t839;t840;t843;t846	t836;t838;t841;t842;t844;t845;t847	test	f13
g176	t837;t839;t840;t843;t846	t836;t838;t841;t842;t844;t845;t847	test	f4
g177	t850;t852;t853	t848;t849;t851;t854;t855;t856	test	f3
g177	t850;t852;t853	t848;t849;t851;t854;t855;t856	test	f15
g177	t850;t852;t853	t848;t849;t851;t854;t855;t856	test	f14
g178	t859;t860;t864;t865;t866;t869;t870;t871	t857;t858;t861;t862;t863;t867;t868;t872	test	f15
g178	t859;t860;t864;t865;t866;t869;t870;t871	t857;t858;t861;t862;t863;t867;t868;t872	test	f16
g178	t859;t860;t864;t865;t866;t869;t870;t871	t857;t858;t861;t862;t863;t867;t868;t872	test	f18
g179	t873;t877;t878;t879;t881	t874;t875;t876;t880;t882	test	f20
g179	t873;t877;t878;t879;t881	t874;t875;t876;t880;t882	test	f3
g18	t885;t886;t889;t890	t883;t884;t887;t888;t891;t892	test	f8
g18	t885;t886;t889;t890	t883;t884;t887;t888;t891;t892	test	f17
g18	t885;t886;t889;t890	t883;t884;t887;t888;t891;t892	test	f7
g180	t893;t898	t894;t895;t896;t897	test	f20
g180	t893;t898	t894;t895;t896;t897	test	f19
g180	t893;t898	t894;t895;t896;t897	test	f15
g181	t899;t901;t904;t908;t909;t911	t900;t902;t903;t905;t906;t907;t910;t912;t913	test	f17
g181	t899;t901;t904;t908;t909;t911	t900;t902;t903;t905;t906;t907;t910;t912;t913	test	f5
g182	t915;t916;t920	t914;t917;t918;t919	test	f14
g182	t915;t916;t920	t914;t917;t918;t919	test	f7
g182	t915;t916;t920	t914;t917;t918;t919	test	f1
g183	t922;t923;t924;t926;t929;t935	t921;t925;t927;t928;t930;t931;t932;t933;t934	test	f16
g183	t922;t923;t924;t926;t929;t935	t921;t925;t927;t928;t930;t931;t932;t933;t934	test	f20
g184	t938;t940;t942	t936;t937;t939;t941	test	f20
g184	t938;t940;t942	t936;t937;t939;t941	test	f9
g184	t938;t940;t942	t936;t937;t939;t941	test	f13
g185	t943;t945;t950;t952	t944;t946;t947;t948;t949;t951;t953;t954;t955	test	f11
g185	t943;t945;t950;t952	t944;t946;t947;t948;t949;t951;t953;t954;t955	test	f8
g185	t943;t945;t950;t952	t944;t946;t947;t948;t949;t951;t953;t954;t955	test	f7
g186	t959;t961;t964	t956;t957;t958;t960;t962;t963;t965	test	f5
g186	t959;t961;t964	t956;t957;t958;t960;t962;t963;t965	test	f16
g186	t959;t961;t964	t956;t957;t958;t960;t962;t963;t965	test	f11
g187	t968;t969;t973;t975;t976	t966;t967;t970;t971;t972;t974;t977;t978;t979	test	f6
g187	t968;t969;t973;t975;t976	t966;t967;t970;t971;t972;t974;t977;t978;t979	test	f16
g187	t968;t969;t973;t975;t976	t966;t967;t970;t971;t972;t974;t977;t978;t979	test	f14
g188	t984;t985;t987	t980;t981;t982;t983;t986	test	f2
g188	t984;t985;t987	t980;t981;t982;t983;t986	test	f14
g188	t984;t985;t987	t980;t981;t982;t983;t986	test	f18
g189	t991;t995;t996	t988;t989;t990;t992;t993;t994	test	f3
g189	t991;t995;t996	t988;t989;t990;t992;t993;t994	test	f8
g189	t991;t995;t996	t988;t989;t990;t992;t993;t994	test	f20
g19	t1000;t1002;t1009;t1010;t997;t999	t1001;t1003;t1004;t1005;t1006;t1007;t1008;t998	test	f14
g19	t1000;t1002;t1009;t1010;t997;t999	t1001;t1003;t1004;t1005;t1006;t1007;t1008;t998	test	f7
g19	t1000;t1002;t1009;t1010;t997;t999	t1001;t1003;t1004;t1005;t1006;t1007;t1008;t998	test	f19
g190	t1012;t1014;t1016;t1019;t1020	t1011;t1013;t1015;t1017;t1018	test	f19
g190	t1012;t1014;t1016;t1019;t1020	t1011;t1013;t1015;t1017;t1018	test	f8
g191	t1023;t1024;t1025;t1029;t1030	t1021;t1022;t1026;t1027;t1028;t1031	test	f13
g191	t1023;t1024;t1025;t1029;t1030	t1021;t1022;t1026;t1027;t1028;t1031	test	f6
g191	t1023;t1024;t1025;t1029;t1030	t1021;t1022;t1026;t1027;t1028;t1031	test	f10
g192	t1034;t1035;t1036;t1038;t1042	t1032;t1033;t1037;t1039;t1040;t1041;t1043;t1044	test	f18
g192	t1034;t1035;t1036;t1038;t1042	t1032;t1033;t1037;t1039;t1040;t1041;t1043;t1044	test	f6
g192	t1034;t1035;t1036;t1038;t1042	t1032;t1033;t1037;t1039;t1040;t1041;t1043;t1044	test	f17
g193	t1045;t1047;t1049	t1046;t1048;t1050;t1051	test	f13
g193	t1045;t1047;t1049	t1046;t1048;t1050;t1051	test	f2
g194	t1054;t1055;t1056;t1061;t1063	t1052;t1053;t1057;t1058;t1059;t1060;t1062;t1064	test	f11
g194	t1054;t1055;t1056;t1061;t1063	t1052;t1053;t1057;t1058;t1059;t1060;t1062;t1064	test	f7
g194	t1054;t1055;t1056;t1061;t1063	t1052;t1053;t1057;t1058;t1059;t1060;t1062;t1064	test	f19
g195	t1072;t1074;t1075;t1076;t1077;t1080	t1065;t1066;t1067;t1068;t1069;t1070;t1071;t1073;t1078;t1079	test	f2
g195	t1072;t1074;t1075;t1076;t1077;t1080	t1065;t1066;t1067;t1068;t1069;t1070;t1071;t1073;t1078;t1079	test	f16
g195	t1072;t1074;t1075;t1076;t1077;t1080	t1065;t1066;t1067;t1068;t1069;t1070;t1071;t1073;t1078;t1079	test	f6
g196	t1081;t1085;t1090;t1093	t1082;t1083;t1084;t1086;t1087;t1088;t1089;t1091;t1092	test	f12
g196	t1081;t1085;t1090;t1093	t1082;t1083;t1084;t1086;t1087;t1088;t1089;t1091;t1092	test	f13
g196	t1081;t1085;t1090;t1093	t1082;t1083;t1084;t1086;t1087;t1088;t1089;t1091;t1092	test	f2
g197	t1094;t1099;t1102;t1104	t1095;t1096;t1097;t1098;t1100;t1101;t1103	test	f12
g197	t1094;t1099;t1102;t1104	t1095;t1096;t1097;t1098;t1100;t1101;t1103	test	f6
g197	t1094;t1099;t1102;t1104	t1095;t1096;t1097;t1098;t1100;t1101;t1103	test	f15
g198	t1106;t1108;t1110;t1115;t1116	t1105;t1107;t1109;t1111;t1112;t1113;t1114;t1117	test	f8
g198	t1106;t1108;t1110;t1115;t1116	t1105;t1107;t1109;t1111;t1112;t1113;t1114;t1117	test	f12
g198	t1106;t1108;t1110;t1115;t1116	t1105;t1107;t1109;t1111;t1112;t1113;t1114;t1117	test	f15
g199	t1118;t1119	t1120;t1121;t1122;t1123	test	f10
g199	t1118;t1119	t1120;t1121;t1122;t1123	test	f19
g199	t1118;t1119	t1120;t1121;t1122;t1123	test	f15
g2	t1126;t1127	t1124;t1125;t1128	test	f6
g2	t1126;t1127	t1124;t1125;t1128	test	f11
g2	t1126;t1127	t1124;t1125;t1128	test	f12
g20	t1129;t1131;t1134	t1130;t1132;t1133;t1135;t1136	test	f4
g20	t1129;t1131;t1134	t1130;t1132;t1133;t1135;t1136	test	f8
g20	t1129;t1131;t1134	t1130;t1132;t1133;t1135;t1136	test	f1
g200	t1137;t1138;t1139	t1140;t1141;t1142	test	f18
g200	t1137;t1138;t1139	t1140;t1141;t1142	test	f19
g200	t1137;t1138;t1139	t1140;t1141;t1142	test	f7
g21	t1145;t1150;t1151	t1143;t1144;t1146;t1147;t1148;t1149;t1152;t1153	test	f7
g21	t1145;t1150;t1151	t1143;t1144;t1146;t1147;t1148;t1149;t1152;t1153	test	f3
g21	t1145;t1150;t1151	t1143;t1144;t1146;t1147;t1148;t1149;t1152;t1153	test	f14
g22	t1154;t1156;t1157;t1161;t1164;t1165;t1166	t1155;t1158;t1159;t1160;t1162;t1163;t1167	test	f3
g22	t1154;t1156;t1157;t1161;t1164;t1165;t1166	t1155;t1158;t1159;t1160;t1162;t1163;t1167	test	f5
g22	t1154;t1156;t1157;t1161;t1164;t1165;t1166	t1155;t1158;t1159;t1160;t1162;t1163;t1167	test	f15
g23	t1170;t1173	t1168;t1169;t1171;t1172;t1174	test	f6
g23	t1170;t1173	t1168;t1169;t1171;t1172;t1174	test	f4
g24	t1175;t1182;t1185	t1176;t1177;t1178;t1179;t1180;t1181;t1183;t1184	test	f9
g24	t1175;t1182;t1185	t1176;t1177;t1178;t1179;t1180;t1181;t1183;t1184	test	f4
g25	t1186;t1188;t1189;t1192	t1187;t1190;t1191;t1193	test	f14
g25	t1186;t1188;t1189;t1192	t1187;t1190;t1191;t1193	test	f19
g25	t1186;t1188;t1189;t1192	t1187;t1190;t1191;t1193	test	f13
g26	t1195;t1198;t1199;t1204;t1206	t1194;t1196;t1197;t1200;t1201;t1202;t1203;t1205	test	f10
g26	t1195;t1198;t1199;t1204;t1206	t1194;t1196;t1197;t1200;t1201;t1202;t1203;t1205	test	f17
g26	t1195;t1198;t1199;t1204;t1206	t1194;t1196;t1197;t1200;t1201;t1202;t1203;t1205	test	f12
g27	t1209;t1214;t1215;t1218	t1207;t1208;t1210;t1211;t1212;t1213;t1216;t1217	test	f8
g27	t1209;t1214;t1215;t1218	t1207;t1208;t1210;t1211;t1212;t1213;t1216;t1217	test	f12
g27	t1209;t1214;t1215;t1218	t1207;t1208;t1210;t1211;t1212;t1213;t1216;t1217	test	f16
g28	t1220;t1221;t1224;t1226	t1219;t1222;t1223;t1225;t1227	test	f11
g28	t1220;t1221;t1224;t1226	t1219;t1222;t1223;t1225;t1227	test	f3
g29	t1231;t1233;t1234;t1240;t1242;t1243;t1244	t1228;t1229;t1230;t1232;t1235;t1236;t1237;t1238;t1239;t1241	test	f19
g29	t1231;t1233;t1234;t1240;t1242;t1243;t1244	t1228;t1229;t1230;t1232;t1235;t1236;t1237;t1238;t1239;t1241	test	f15
g3	t1247;t1248;t1249	t1245;t1246;t1250;t1251;t1252;t1253;t1254;t1255	test	f8
g3	t1247;t1248;t1249	t1245;t1246;t1250;t1251;t1252;t1253;t1254;t1255	test	f16
g3	t1247;t1248;t1249	t1245;t1246;t1250;t1251;t1252;t1253;t1254;t1255	test	f4
g30	t1258;t1261	t1256;t1257;t1259;t1260	test	f18
g30	t1258;t1261	t1256;t1257;t1259;t1260	test	f16
g31	t1265	t1262;t1263;t1264	test	f13
g31	t1265	t1262;t1263;t1264	test	f2
g31	t1265	t1262;t1263;t1264	test	f18
g32	t1267;t1271;t1272;t1274;t1277;t1278	t1266;t1268;t1269;t1270;t1273;t1275;t1276	test	f10
g32	t1267;t1271;t1272;t1274;t1277;t1278	t1266;t1268;t1269;t1270;t1273;t1275;t1276	test	f13
g32	t1267;t1271;t1272;t1274;t1277;t1278	t1266;t1268;t1269;t1270;t1273;t1275;t1276	test	f1
g33	t1280;t1284;t1285;t1288;t1291	t1279;t1281;t1282;t1283;t1286;t1287;t1289;t1290;t1292;t1293	test	f13
g33	t1280;t1284;t1285;t1288;t1291	t1279;t1281;t1282;t1283;t1286;t1287;t1289;t1290;t1292;t1293	test	f12
g34	t1295;t1296	t1294;t1297;t1298;t1299	test	f18
g34	t1295;t1296	t1294;t1297;t1298;t1299	test	f19
g34	t1295;t1296	t1294;t1297;t1298;t1299	test	f14
g35	t1301;t1303;t1304;t1305	t1300;t1302;t1306;t1307;t1308;t1309	test	f19
g35	t1301;t1303;t1304;t1305	t1300;t1302;t1306;t1307;t1308;t1309	test	f14
g35	t1301;t1303;t1304;t1305	t1300;t1302;t1306;t1307;t1308;t1309	test	f12
g36	t1310;t1311;t1312	t1313;t1314;t1315;t1316	test	f7
g36	t1310;t1311;t1312	t1313;t1314;t1315;t1316	test	f20
g36	t1310;t1311;t1312	t1313;t1314;t1315;t1316	test	f14
g37	t1318;t1320;t1323;t1327;t1329;t1330	t1317;t1319;t1321;t1322;t1324;t1325;t1326;t1328	test	f16
g37	t1318;t1320;t1323;t1327;t1329;t1330	t1317;t1319;t1321;t1322;t1324;t1325;t1326;t1328	test	f1
g38	t1334;t1335;t1340	t1331;t1332;t1333;t1336;t1337;t1338;t1339;t1341	test	f16
g38	t1334;t1335;t1340	t1331;t1332;t1333;t1336;t1337;t1338;t1339;t1341	test	f7
g38	t1334;t1335;t1340	t1331;t1332;t1333;t1336;t1337;t1338;t1339;t1341	test	f14
g39	t1344;t1346	t1342;t1343;t1345;t1347	test	f6
g39	t1344;t1346	t1342;t1343;t1345;t1347	test	f10
g4	t1348;t1350;t1353;t1354;t1362;t1364	t1349;t1351;t1352;t1355;t1356;t1357;t1358;t1359;t1360;t1361;t1363;t1365	test	f19
g4	t1348;t1350;t1353;t1354;t1362;t1364	t1349;t1351;t1352;t1355;t1356;t1357;t1358;t1359;t1360;t1361;t1363;t1365	test	f8
g4	t1348;t1350;t1353;t1354;t1362;t1364	t1349;t1351;t1352;t1355;t1356;t1357;t1358;t1359;t1360;t1361;t1363;t1365	test	f2
g40	t1369;t1370;t1371	t1366;t1367;t1368;t1372;t1373	test	f14
g40	t1369;t1370;t1371	t1366;t1367;t1368;t1372;t1373	test	f15
g40	t1369;t1370;t1371	t1366;t1367;t1368;t1372;t1373	test	f9
g41	t1374;t1378;t1380;t1381;t1382	t1375;t1376;t1377;t1379;t1383;t1384	test	f9
g41	t1374;t1378;t1380;t1381;t1382	t1375;t1376;t1377;t1379;t1383;t1384	test	f7
g41	t1374;t1378;t1380;t1381;t1382	t1375;t1376;t1377;t1379;t1383;t1384	test	f13
g42	t1385;t1387;t1389;t1391	t1386;t1388;t1390;t1392	test	f17
g42	t1385;t1387;t1389;t1391	t1386;t1388;t1390;t1392	test	f18
g42	t1385;t1387;t1389;t1391	t1386;t1388;t1390;t1392	test	f5
g43	t1394;t1396;t1399;t1400;t1402	t1393;t1395;t1397;t1398;t1401	test	f15
g43	t1394;t1396;t1399;t1400;t1402	t1393;t1395;t1397;t1398;t1401	test	f9
g44	t1405;t1406;t1408	t1403;t1404;t1407;t1409	test	f19
g44	t1405;t1406;t1408	t1403;t1404;t1407;t1409	test	f1
g44	t1405;t1406;t1408	t1403;t1404;t1407;t1409	test	f13
g45	t1412;t1414;t1416	t1410;t1411;t1413;t1415	test	f1
g45	t1412;t1414;t1416	t1410;t1411;t1413;t1415	test	f4
g45	t1412;t1414;t1416	t1410;t1411;t1413;t1415	test	f5
g46	t1420;t1421;t1422;t1428	t1417;t1418;t1419;t1423;t1424;t1425;t1426;t1427;t1429	test	f17
g46	t1420;t1421;t1422;t1428	t1417;t1418;t1419;t1423;t1424;t1425;t1426;t1427;t1429	test	f8
g46	t1420;t1421;t1422;t1428	t1417;t1418;t1419;t1423;t1424;t1425;t1426;t1427;t1429	test	f11
g47	t1434;t1435;t1438;t1440	t1430;t1431;t1432;t1433;t1436;t1437;t1439;t1441	test	f17
g47	t1434;t1435;t1438;t1440	t1430;t1431;t1432;t1433;t1436;t1437;t1439;t1441	test	f7
g47	t1434;t1435;t1438;t1440	t1430;t1431;t1432;t1433;t1436;t1437;t1439;t1441	test	f2
g48	t1444;t1445;t1450;t1453;t1454	t1442;t1443;t1446;t1447;t1448;t1449;t1451;t1452;t1455	test	f11
g48	t1444;t1445;t1450;t1453;t1454	t1442;t1443;t1446;t1447;t1448;t1449;t1451;t1452;t1455	test	f20
g48	t1444;t1445;t1450;t1453;t1454	t1442;t1443;t1446;t1447;t1448;t1449;t1451;t1452;t1455	test	f17
g49	t1457;t1461;t1463	t1456;t1458;t1459;t1460;t1462	test	f12
g49	t1457;t1461;t1463	t1456;t1458;t1459;t1460;t1462	test	f5
g49	t1457;t1461;t1463	t1456;t1458;t1459;t1460;t1462	test	f14
g5	t1464;t1467;t1468;t1470	t1465;t1466;t1469;t1471;t1472;t1473	test	f7
g5	t1464;t1467;t1468;t1470	t1465;t1466;t1469;t1471;t1472;t1473	test	f2
g5	t1464;t1467;t1468;t1470	t1465;t1466;t1469;t1471;t1472;t1473	test	f6
g50	t1474;t1475;t1482	t1476;t1477;t1478;t1479;t1480;t1481;t1483;t1484;t1485	test	f1
g50	t1474;t1475;t1482	t1476;t1477;t1478;t1479;t1480;t1481;t1483;t1484;t1485	test	f17
g50	t1474;t1475;t1482	t1476;t1477;t1478;t1479;t1480;t1481;t1483;t1484;t1485	test	f13
g51	t1488;t1490;t1491	t1486;t1487;t1489;t1492;t1493;t1494	test	f13
g51	t1488;t1490;t1491	t1486;t1487;t1489;t1492;t1493;t1494	test	f16
g51	t1488;t1490;t1491	t1486;t1487;t1489;t1492;t1493;t1494	test	f2
g52	t1495;t1497;t1499;t1504	t1496;t1498;t1500;t1501;t1502;t1503	test	f4
g52	t1495;t1497;t1499;t1504	t1496;t1498;t1500;t1501;t1502;t1503	test	f8
g52	t1495;t1497;t1499;t1504	t1496;t1498;t1500;t1501;t1502;t1503	test	f2
g53	t1505;t1508;t1512;t1514;t1517	t1506;t1507;t1509;t1510;t1511;t1513;t1515;t1516	test	f10
g53	t1505;t1508;t1512;t1514;t1517	t1506;t1507;t1509;t1510;t1511;t1513;t1515;t1516	test	f12
g53	t1505;t1508;t1512;t1514;t1517	t1506;t1507;t1509;t1510;t1511;t1513;t1515;t1516	test	f6
g54	t1518;t1522;t1527;t1531;t1534	t1519;t1520;t1521;t1523;t1524;t1525;t1526;t1528;t1529;t1530;t1532;t1533	test	f1
g54	t1518;t1522;t1527;t1531;t1534	t1519;t1520;t1521;t1523;t1524;t1525;t1526;t1528;t1529;t1530;t1532;t1533	test	f5
g54	t1518;t1522;t1527;t1531;t1534	t1519;t1520;t1521;t1523;t1524;t1525;t1526;t1528;t1529;t1530;t1532;t1533	test	f14
g55	t1537;t1540;t1541	t1535;t1536;t1538;t1539	test	f4
g55	t1537;t1540;t1541	t1535;t1536;t1538;t1539	test	f1
g55	t1537;t1540;t1541	t1535;t1536;t1538;t1539	test	f18
g56	t1544;t1547;t1548;t1549	t1542;t1543;t1545;t1546;t1550;t1551	test	f3
g56	t1544;t1547;t1548;t1549	t1542;t1543;t1545;t1546;t1550;t1551	test	f16
g56	t1544;t1547;t1548;t1549	t1542;t1543;t1545;t1546;t1550;t1551	test	f13
g57	t1555;t1556;t1559	t1552;t1553;t1554;t1557;t1558;t1560;t1561	test	f7
g57	t1555;t1556;t1559	t1552;t1553;t1554;t1557;t1558;t1560;t1561	test	f16
g57	t1555;t1556;t1559	t1552;t1553;t1554;t1557;t1558;t1560;t1561	test	f8
g58	t1562;t1566;t1567;t1570;t1571;t1572;t1573	t1563;t1564;t1565;t1568;t1569;t1574;t1575	test	f18
g58	t1562;t1566;t1567;t1570;t1571;t1572;t1573	t1563;t1564;t1565;t1568;t1569;t1574;t1575	test	f11
g58	t1562;t1566;t1567;t1570;t1571;t1572;t1573	t1563;t1564;t1565;t1568;t1569;t1574;t1575	test	f1
g59	t1578;t1579;t1580;t1582	t1576;t1577;t1581;t1583	test	f17
g59	t1578;t1579;t1580;t1582	t1576;t1577;t1581;t1583	test	f6
g6	t1585;t1586;t1592	t1584;t1587;t1588;t1589;t1590;t1591	test	f18
g6	t1585;t1586;t1592	t1584;t1587;t1588;t1589;t1590;t1591	test	f11
g6	t1585;t1586;t1592	t1584;t1587;t1588;t1589;t1590;t1591	test	f9
g60	t1598;t1599;t1600	t1593;t1594;t1595;t1596;t1597	test	f6
g60	t1598;t1599;t1600	t1593;t1594;t1595;t1596;t1597	test	f14
g60	t1598;t1599;t1600	t1593;t1594;t1595;t1596;t1597	test	f4
g61	t1606;t1607;t1608;t1610	t1601;t1602;t1603;t1604;t1605;t1609	test	f10
g61	t1606;t1607;t1608;t1610	t1601;t1602;t1603;t1604;t1605;t1609	test	f16
g61	t1606;t1607;t1608;t1610	t1601;t1602;t1603;t1604;t1605;t1609	test	f13
g62	t1612;t1618;t1619	t1611;t1613;t1614;t1615;t1616;t1617	test	f1
g62	t1612;t1618;t1619	t1611;t1613;t1614;t1615;t1616;t1617	test	f10
g62	t1612;t1618;t1619	t1611;t1613;t1614;t1615;t1616;t1617	test	f8
g63	t1621;t1623;t1625;t1626;t1628	t1620;t1622;t1624;t1627;t1629	test	f8
g63	t1621;t1623;t1625;t1626;t1628	t1620;t1622;t1624;t1627;t1629	test	f12
g63	t1621;t1623;t1625;t1626;t1628	t1620;t1622;t1624;t1627;t1629	test	f6
g64	t1631;t1633;t1634	t1630;t1632;t1635;t1636;t1637	test	f14
g64	t1631;t1633;t1634	t1630;t1632;t1635;t1636;t1637	test	f1
g64	t1631;t1633;t1634	t1630;t1632;t1635;t1636;t1637	test	f2
g65	t1638;t1639;t1642;t1646;t1648	t1640;t1641;t1643;t1644;t1645;t1647	test	f7
g65	t1638;t1639;t1642;t1646;t1648	t1640;t1641;t1643;t1644;t1645;t1647	test	f5
g65	t1638;t1639;t1642;t1646;t1648	t1640;t1641;t1643;t1644;t1645;t1647	test	f18
g66	t1651;t1652;t1655;t1658	t1649;t1650;t1653;t1654;t1656;t1657	test	f14
g66	t1651;t1652;t1655;t1658	t1649;t1650;t1653;t1654;t1656;t1657	test	f5
g66	t1651;t1652;t1655;t1658	t1649;t1650;t1653;t1654;t1656;t1657	test	f11
g67	t1659;t1661;t1666;t1667;t1668	t1660;t1662;t1663;t1664;t1665	test	f13
g67	t1659;t1661;t1666;t1667;t1668	t1660;t1662;t1663;t1664;t1665	test	f5
g68	t1669;t1671	t1670;t1672;t1673	test	f19
g68	t1669;t1671	t1670;t1672;t1673	test	f6
g68	t1669;t1671	t1670;t1672;t1673	test	f10
g69	t1677;t1679;t1680;t1684;t1685	t1674;t1675;t1676;t1678;t1681;t1682;t1683;t1686	test	f3
g69	t1677;t1679;t1680;t1684;t1685	t1674;t1675;t1676;t1678;t1681;t1682;t1683;t1686	test	f19
g69	t1677;t1679;t1680;t1684;t1685	t1674;t1675;t1676;t1678;t1681;t1682;t1683;t1686	test	f2
g7	t1688;t1689	t1687;t1690;t1691	test	f1
g7	t1688;t1689	t1687;t1690;t1691	test	f6
g7	t1688;t1689	t1687;t1690;t1691	test	f18
g70	t1692;t1694;t1696;t1697	t1693;t1695;t1698;t1699	test	f5
g70	t1692;t1694;t1696;t1697	t1693;t1695;t1698;t1699	test	f19
g71	t1701;t1703;t1705	t1700;t1702;t1704;t1706;t1707	test	f5
g71	t1701;t1703;t1705	t1700;t1702;t1704;t1706;t1707	test	f15
g71	t1701;t1703;t1705	t1700;t1702;t1704;t1706;t1707	test	f1
g72	t1708;t1710;t1711;t1714;t1715	t1709;t1712;t1713;t1716;t1717	test	f8
g72	t1708;t1710;t1711;t1714;t1715	t1709;t1712;t1713;t1716;t1717	test	f19
g72	t1708;t1710;t1711;t1714;t1715	t1709;t1712;t1713;t1716;t1717	test	f5
g73	t1722;t1723;t1727	t1718;t1719;t1720;t1721;t1724;t1725;t1726	test	f7
g73	t1722;t1723;t1727	t1718;t1719;t1720;t1721;t1724;t1725;t1726	test	f17
g73	t1722;t1723;t1727	t1718;t1719;t1720;t1721;t1724;t1725;t1726	test	f8
g74	t1734;t1736	t1728;t1729;t1730;t1731;t1732;t1733;t1735	test	f14
g74	t1734;t1736	t1728;t1729;t1730;t1731;t1732;t1733;t1735	test	f15
g74	t1734;t1736	t1728;t1729;t1730;t1731;t1732;t1733;t1735	test	f17
g75	t1737;t1739;t1741;t1742	t1738;t1740;t1743;t1744	test	f11
g75	t1737;t1739;t1741;t1742	t1738;t1740;t1743;t1744	test	f8
g75	t1737;t1739;t1741;t1742	t1738;t1740;t1743;t1744	test	f1
g76	t1746;t1747;t1748	t1745;t1749;t1750	test	f2
g76	t1746;t1747;t1748	t1745;t1749;t1750	test	f8
g76	t1746;t1747;t1748	t1745;t1749;t1750	test	f6
g77	t1752;t1758;t1759;t1760;t1761	t1751;t1753;t1754;t1755;t1756;t1757	test	f17
g77	t1752;t1758;t1759;t1760;t1761	t1751;t1753;t1754;t1755;t1756;t1757	test	f9
g77	t1752;t1758;t1759;t1760;t1761	t1751;t1753;t1754;t1755;t1756;t1757	test	f11
g78	t1765;t1768	t1762;t1763;t1764;t1766;t1767;t1769	test	f9
g78	t1765;t1768	t1762;t1763;t1764;t1766;t1767;t1769	test	f5
g78	t1765;t1768	t1762;t1763;t1764;t1766;t1767;t1769	test	f14
g79	t1770;t1774	t1771;t1772;t1773	test	f6
g79	t1770;t1774	t1771;t1772;t1773	test	f14
g79	t1770;t1774	t1771;t1772;t1773	test	f19
g8	t1775;t1776;t1780;t1783	t1777;t1778;t1779;t1781;t1782;t1784;t1785	test	f9
g8	t1775;t1776;t1780;t1783	t1777;t1778;t1779;t1781;t1782;t1784;t1785	test	f8
g8	t1775;t1776;t1780;t1783	t1777;t1778;t1779;t1781;t1782;t1784;t1785	test	f1
g80	t1788;t1791;t1795;t1796	t1786;t1787;t1789;t1790;t1792;t1793;t1794	test	f12
g80	t1788;t1791;t1795;t1796	t1786;t1787;t1789;t1790;t1792;t1793;t1794	test	f4
g80	t1788;t1791;t1795;t1796	t1786;t1787;t1789;t1790;t1792;t1793;t1794	test	f5
g81	t1797;t1800;t1802;t1805	t1798;t1799;t1801;t1803;t1804	test	f3
g81	t1797;t1800;t1802;t1805	t1798;t1799;t1801;t1803;t1804	test	f18
g81	t1797;t1800;t1802;t1805	t1798;t1799;t1801;t1803;t1804	test	f4
g82	t1807;t1808;t1811;t1813	t1806;t1809;t1810;t1812;t1814	test	f20
g82	t1807;t1808;t1811;t1813	t1806;t1809;t1810;t1812;t1814	test	f13
g83	t1815;t1817;t1819;t1822	t1816;t1818;t1820;t1821;t1823	test	f7
g83	t1815;t1817;t1819;t1822	t1816;t1818;t1820;t1821;t1823	test	f18
g83	t1815;t1817;t1819;t1822	t1816;t1818;t1820;t1821;t1823	test	f5
g84	t1824;t1832;t1834	t1825;t1826;t1827;t1828;t1829;t1830;t1831;t1833;t1835;t1836;t1837;t1838	test	f6
g84	t1824;t1832;t1834	t1825;t1826;t1827;t1828;t1829;t1830;t1831;t1833;t1835;t1836;t1837;t1838	test	f4
g84	t1824;t1832;t1834	t1825;t1826;t1827;t1828;t1829;t1830;t1831;t1833;t1835;t1836;t1837;t1838	test	f17
g85	t1839	t1840;t1841;t1842	test	f3
g85	t1839	t1840;t1841;t1842	test	f5
g85	t1839	t1840;t1841;t1842	test	f17
g86	t1845;t1847;t1852;t1853;t1856	t1843;t1844;t1846;t1848;t1849;t1850;t1851;t1854;t1855	test	f15
g86	t1845;t1847;t1852;t1853;t1856	t1843;t1844;t1846;t1848;t1849;t1850;t1851;t1854;t1855	test	f6
g86	t1845;t1847;t1852;t1853;t1856	t1843;t1844;t1846;t1848;t1849;t1850;t1851;t1854;t1855	test	f7
g87	t1857;t1860;t1863;t1865	t1858;t1859;t1861;t1862;t1864	test	f16
g87	t1857;t1860;t1863;t1865	t1858;t1859;t1861;t1862;t1864	test	f10
g87	t1857;t1860;t1863;t1865	t1858;t1859;t1861;t1862;t1864	test	f1
g88	t1867;t1868;t1869;t1872;t1874;t1878;t1880	t1866;t1870;t1871;t1873;t1875;t1876;t1877;t1879	test	f14
g88	t1867;t1868;t1869;t1872;t1874;t1878;t1880	t1866;t1870;t1871;t1873;t1875;t1876;t1877;t1879	test	f6
g88	t1867;t1868;t1869;t1872;t1874;t1878;t1880	t1866;t1870;t1871;t1873;t1875;t1876;t1877;t1879	test	f8
g89	t1881;t1882;t1884;t1885	t1883;t1886;t1887;t1888	test	f4
g89	t1881;t1882;t1884;t1885	t1883;t1886;t1887;t1888	test	f9
g89	t1881;t1882;t1884;t1885	t1883;t1886;t1887;t1888	test	f2
g9	t1891;t1893;t1895;t1897	t1889;t1890;t1892;t1894;t1896;t1898;t1899	test	f1
g9	t1891;t1893;t1895;t1897	t1889;t1890;t1892;t1894;t1896;t1898;t1899	test	f18
g9	t1891;t1893;t1895;t1897	t1889;t1890;t1892;t1894;t1896;t1898;t1899	test	f19
g90	t1902;t1907;t1909;t1912;t1913	t1900;t1901;t1903;t1904;t1905;t1906;t1908;t1910;t1911;t1914	test	f3
g90	t1902;t1907;t1909;t1912;t1913	t1900;t1901;t1903;t1904;t1905;t1906;t1908;t1910;t1911;t1914	test	f5
g91	t1918;t1922;t1923	t1915;t1916;t1917;t1919;t1920;t1921	test	f6
g91	t1918;t1922;t1923	t1915;t1916;t1917;t1919;t1920;t1921	test	f17
g91	t1918;t1922;t1923	t1915;t1916;t1917;t1919;t1920;t1921	test	f15
g92	t1928;t1929;t1931	t1924;t1925;t1926;t1927;t1930	test	f6
g92	t1928;t1929;t1931	t1924;t1925;t1926;t1927;t1930	test	f8
g92	t1928;t1929;t1931	t1924;t1925;t1926;t1927;t1930	test	f19
g93	t1932;t1934;t1935;t1936	t1933;t1937;t1938;t1939;t1940	test	f7
g93	t1932;t1934;t1935;t1936	t1933;t1937;t1938;t1939;t1940	test	f19
g93	t1932;t1934;t1935;t1936	t1933;t1937;t1938;t1939;t1940	test	f16
g94	t1943;t1944;t1946	t1941;t1942;t1945;t1947	test	f6
g94	t1943;t1944;t1946	t1941;t1942;t1945;t1947	test	f20
g94	t1943;t1944;t1946	t1941;t1942;t1945;t1947	test	f10
g95	t1948;t1950;t1951;t1955;t1956	t1949;t1952;t1953;t1954;t1957;t1958;t1959	test	f13
g95	t1948;t1950;t1951;t1955;t1956	t1949;t1952;t1953;t1954;t1957;t1958;t1959	test	f3
g95	t1948;t1950;t1951;t1955;t1956	t1949;t1952;t1953;t1954;t1957;t1958;t1959	test	f14
g96	t1960;t1962;t1966;t1969	t1961;t1963;t1964;t1965;t1967;t1968;t1970;t1971	test	f18
g96	t1960;t1962;t1966;t1969	t1961;t1963;t1964;t1965;t1967;t1968;t1970;t1971	test	f15
g96	t1960;t1962;t1966;t1969	t1961;t1963;t1964;t1965;t1967;t1968;t1970;t1971	test	f6
g97	t1973;t1976;t1977;t1978;t1979	t1972;t1974;t1975;t1980;t1981	test	f13
g97	t1973;t1976;t1977;t1978;t1979	t1972;t1974;t1975;t1980;t1981	test	f19
g98	t1983;t1984;t1985;t1987	t1982;t1986;t1988;t1989	test	f20
g98	t1983;t1984;t1985;t1987	t1982;t1986;t1988;t1989	test	f3
g98	t1983;t1984;t1985;t1987	t1982;t1986;t1988;t1989	test	f13
g99	t1990;t1991;t1992;t1998;t2000	t1993;t1994;t1995;t1996;t1997;t1999	test	f5
g99	t1990;t1991;t1992;t1998;t2000	t1993;t1994;t1995;t1996;t1997;t1999	test	f19
g99	t1990;t1991;t1992;t1998;t2000	t1993;t1994;t1995;t1996;t1997;t1999	test	f3
g1	t3;t8;t9	t1;t10;t2;t4;t5;t6;t7	ref	f9
g1	t3;t8;t9	t1;t10;t2;t4;t5;t6;t7	ref	f7
g1	t3;t8;t9	t1;t10;t2;t4;t5;t6;t7	ref	f16
g1	t3;t8;t9	t1;t10;t2;t4;t5;t6;t7	ref	f20
g10	t14;t15;t17;t18	t11;t12;t13;t16;t19;t20	ref	f8
g10	t14;t15;t17;t18	t11;t12;t13;t16;t19;t20	ref	f19
g10	t14;t15;t17;t18	t11;t12;t13;t16;t19;t20	ref	f13
g10	t14;t15;t17;t18	t11;t12;t13;t16;t19;t20	ref	f15
g10	t14;t15;t17;t18	t11;t12;t13;t16;t19;t20	ref	f16
g10	t14;t15;t17;t18	t11;t12;t13;t16;t19;t20	ref	f12
g100	t27;t29;t30	t21;t22;t23;t24;t25;t26;t28;t31	ref	f7
g100	t27;t29;t30	t21;t22;t23;t24;t25;t26;t28;t31	ref	f10
g100	t27;t29;t30	t21;t22;t23;t24;t25;t26;t28;t31	ref	f9
g100	t27;t29;t30	t21;t22;t23;t24;t25;t26;t28;t31	ref	f5
g100	t27;t29;t30	t21;t22;t23;t24;t25;t26;t28;t31	ref	f11
g101	t32;t34;t36;t38;t42	t33;t35;t37;t39;t40;t41	ref	f11
g101	t32;t34;t36;t38;t42	t33;t35;t37;t39;t40;t41	ref	f16
g101	t32;t34;t36;t38;t42	t33;t35;t37;t39;t40;t41	ref	f13
g102	t43;t46;t47	t44;t45;t48	ref	f9
g102	t43;t46;t47	t44;t45;t48	ref	f13
g102	t43;t46;t47	t44;t45;t48	ref	f10
g103	t49;t51;t55;t56	t50;t52;t53;t54;t57	ref	f6
g103	t49;t51;t55;t56	t50;t52;t53;t54;t57	ref	f14
g103	t49;t51;t55;t56	t50;t52;t53;t54;t57	ref	f13
g103	t49;t51;t55;t56	t50;t52;t53;t54;t57	ref	f16
g104	t60;t66;t67	t58;t59;t61;t62;t63;t64;t65	ref	f1
g104	t60;t66;t67	t58;t59;t61;t62;t63;t64;t65	ref	f10
g104	t60;t66;t67	t58;t59;t61;t62;t63;t64;t65	ref	f9
g104	t60;t66;t67	t58;t59;t61;t62;t63;t64;t65	ref	f18
g104	t60;t66;t67	t58;t59;t61;t62;t63;t64;t65	ref	f5
g104	t60;t66;t67	t58;t59;t61;t62;t63;t64;t65	ref	f17
g105	t68;t69;t73;t74;t78	t70;t71;t72;t75;t76;t77;t79	ref	f6
g105	t68;t69;t73;t74;t78	t70;t71;t72;t75;t76;t77;t79	ref	f16
g105	t68;t69;t73;t74;t78	t70;t71;t72;t75;t76;t77;t79	ref	f8
g105	t68;t69;t73;t74;t78	t70;t71;t72;t75;t76;t77;t79	ref	f10
g106	t83;t84;t85;t87	t80;t81;t82;t86	ref	f20
g106	t83;t84;t85;t87	t80;t81;t82;t86	ref	f2
g106	t83;t84;t85;t87	t80;t81;t82;t86	ref	f9
g106	t83;t84;t85;t87	t80;t81;t82;t86	ref	f19
g106	t83;t84;t85;t87	t80;t81;t82;t86	ref	f11
g106	t83;t84;t85;t87	t80;t81;t82;t86	ref	f12
g107	t90;t93;t95;t96;t98	t88;t89;t91;t92;t94;t97;t99	ref	f11
g107	t90;t93;t95;t96;t98	t88;t89;t91;t92;t94;t97;t99	ref	f17
g107	t90;t93;t95;t96;t98	t88;t89;t91;t92;t94;t97;t99	ref	f12
g107	t90;t93;t95;t96;t98	t88;t89;t91;t92;t94;t97;t99	ref	f18
g108	t102;t107	t100;t101;t103;t104;t105;t106	ref	f7
g108	t102;t107	t100;t101;t103;t104;t105;t106	ref	f4
g108	t102;t107	t100;t101;t103;t104;t105;t106	ref	f10
g108	t102;t107	t100;t101;t103;t104;t105;t106	ref	f13
g108	t102;t107	t100;t101;t103;t104;t105;t106	ref	f15
g108	t102;t107	t100;t101;t103;t104;t105;t106	ref	f11
g109	t109;t112;t113;t115	t108;t110;t111;t114	ref	f9
g109	t109;t112;t113;t115	t108;t110;t111;t114	ref	f5
g109	t109;t112;t113;t115	t108;t110;t111;t114	ref	f16
g109	t109;t112;t113;t115	t108;t110;t111;t114	ref	f6
g11	t117;t121;t123	t116;t118;t119;t120;t122;t124	ref	f19
g11	t117;t121;t123	t116;t118;t119;t120;t122;t124	ref	f15
g11	t117;t121;t123	t116;t118;t119;t120;t122;t124	ref	f3
g11	t117;t121;t123	t116;t118;t119;t120;t122;t124	ref	f10
g110	t126;t128;t134;t135;t136	t125;t127;t129;t130;t131;t132;t133	ref	f4
g110	t126;t128;t134;t135;t136	t125;t127;t129;t130;t131;t132;t133	ref	f11
g110	t126;t128;t134;t135;t136	t125;t127;t129;t130;t131;t132;t133	ref	f3
g110	t126;t128;t134;t135;t136	t125;t127;t129;t130;t131;t132;t133	ref	f14
g111	t138;t139;t140;t144;t146	t137;t141;t142;t143;t145;t147;t148;t149	ref	f5
g111	t138;t139;t140;t144;t146	t137;t141;t142;t143;t145;t147;t148;t149	ref	f4
g111	t138;t139;t140;t144;t146	t137;t141;t142;t143;t145;t147;t148;t149	ref	f11
g112	t150;t152;t154;t155;t158	t151;t153;t156;t157;t159;t160;t161	ref	f20
g112	t150;t152;t154;t155;t158	t151;t153;t156;t157;t159;t160;t161	ref	f12
g112	t150;t152;t154;t155;t158	t151;t153;t156;t157;t159;t160;t161	ref	f5
g112	t150;t152;t154;t155;t158	t151;t153;t156;t157;t159;t160;t161	ref	f2
g113	t162;t164;t166;t167;t168	t163;t165;t169;t170;t171	ref	f7
g113	t162;t164;t166;t167;t168	t163;t165;t169;t170;t171	ref	f1
g113	t162;t164;t166;t167;t168	t163;t165;t169;t170;t171	ref	f4
g113	t162;t164;t166;t167;t168	t163;t165;t169;t170;t171	ref	f2
g113	t162;t164;t166;t167;t168	t163;t165;t169;t170;t171	ref	f5
g114	t173;t174;t175;t181;t182	t172;t176;t177;t178;t179;t180;t183	ref	f9
g114	t173;t174;t175;t181;t182	t172;t176;t177;t178;t179;t180;t183	ref	f19
g114	t173;t174;t175;t181;t182	t172;t176;t177;t178;t179;t180;t183	ref	f5
g114	t173;t174;t175;t181;t182	t172;t176;t177;t178;t179;t180;t183	ref	f11
g114	t173;t174;t175;t181;t182	t172;t176;t177;t178;t179;t180;t183	ref	f16
g114	t173;t174;t175;t181;t182	t172;t176;t177;t178;t179;t180;t183	ref	f17
g115	t185;t187;t189;t190;t196;t197	t184;t186;t188;t191;t192;t193;t194;t195;t198	ref	f20
g115	t185;t187;t189;t190;t196;t197	t184;t186;t188;t191;t192;t193;t194;t195;t198	ref	f8
g116	t199;t202;t203	t200;t201;t204;t205;t206	ref	f20
g116	t199;t202;t203	t200;t201;t204;t205;t206	ref	f1
g116	t199;t202;t203	t200;t201;t204;t205;t206	ref	f14
g116	t199;t202;t203	t200;t201;t204;t205;t206	ref	f15
g116	t199;t202;t203	t200;t201;t204;t205;t206	ref	f6
g117	t209;t211;t213;t219	t207;t208;t210;t212;t214;t215;t216;t217;t218;t220	ref	f20
g117	t209;t211;t213;t219	t207;t208;t210;t212;t214;t215;t216;t217;t218;t220	ref	f4
g117	t209;t211;t213;t219	t207;t208;t210;t212;t214;t215;t216;t217;t218;t220	ref	f8
g117	t209;t211;t213;t219	t207;t208;t210;t212;t214;t215;t216;t217;t218;t220	ref	f10
g117	t209;t211;t213;t219	t207;t208;t210;t212;t214;t215;t216;t217;t218;t220	ref	f17
g118	t221;t222;t225;t228	t223;t224;t226;t227	ref	f1
g118	t221;t222;t225;t228	t223;t224;t226;t227	ref	f4
g118	t221;t222;t225;t228	t223;t224;t226;t227	ref	f9
g118	t221;t222;t225;t228	t223;t224;t226;t227	ref	f19
g118	t221;t222;t225;t228	t223;t224;t226;t227	ref	f11
g119	t230;t232;t233;t240	t229;t231;t234;t235;t236;t237;t238;t239;t241	ref	f4
g119	t230;t232;t233;t240	t229;t231;t234;t235;t236;t237;t238;t239;t241	ref	f2
g119	t230;t232;t233;t240	t229;t231;t234;t235;t236;t237;t238;t239;t241	ref	f10
g119	t230;t232;t233;t240	t229;t231;t234;t235;t236;t237;t238;t239;t241	ref	f16
g119	t230;t232;t233;t240	t229;t231;t234;t235;t236;t237;t238;t239;t241	ref	f12
g12	t242;t245;t246	t243;t244;t247;t248	ref	f1
g12	t242;t245;t246	t243;t244;t247;t248	ref	f3
g12	t242;t245;t246	t243;t244;t247;t248	ref	f19
g12	t242;t245;t246	t243;t244;t247;t248	ref	f5
g12	t242;t245;t246	t243;t244;t247;t248	ref	f16
g120	t252;t254;t256;t258	t249;t250;t251;t253;t255;t257	ref	f7
g120	t252;t254;t256;t258	t249;t250;t251;t253;t255;t257	ref	f20
g120	t252;t254;t256;t258	t249;t250;t251;t253;t255;t257	ref	f18
g120	t252;t254;t256;t258	t249;t250;t251;t253;t255;t257	ref	f6
g120	t252;t254;t256;t258	t249;t250;t251;t253;t255;t257	ref	f16
g121	t260;t265	t259;t261;t262;t263;t264	ref	f1
g121	t260;t265	t259;t261;t262;t263;t264	ref	f14
g121	t260;t265	t259;t261;t262;t263;t264	ref	f8
g121	t260;t265	t259;t261;t262;t263;t264	ref	f10
g121	t260;t265	t259;t261;t262;t263;t264	ref	f6
g121	t260;t265	t259;t261;t262;t263;t264	ref	f11
g122	t266;t267;t268;t274;t275	t269;t270;t271;t272;t273	ref	f7
g122	t266;t267;t268;t274;t275	t269;t270;t271;t272;t273	ref	f8
g122	t266;t267;t268;t274;t275	t269;t270;t271;t272;t273	ref	f2
g122	t266;t267;t268;t274;t275	t269;t270;t271;t272;t273	ref	f10
g123	t277;t278;t279;t283	t276;t280;t281;t282;t284;t285	ref	f20
g123	t277;t278;t279;t283	t276;t280;t281;t282;t284;t285	ref	f2
g123	t277;t278;t279;t283	t276;t280;t281;t282;t284;t285	ref	f9
g123	t277;t278;t279;t283	t276;t280;t281;t282;t284;t285	ref	f19
g123	t277;t278;t279;t283	t276;t280;t281;t282;t284;t285	ref	f5
g123	t277;t278;t279;t283	t276;t280;t281;t282;t284;t285	ref	f16
g124	t288;t290;t294	t286;t287;t289;t291;t292;t293;t295;t296	ref	f14
g124	t288;t290;t294	t286;t287;t289;t291;t292;t293;t295;t296	ref	f2
g124	t288;t290;t294	t286;t287;t289;t291;t292;t293;t295;t296	ref	f9
g124	t288;t290;t294	t286;t287;t289;t291;t292;t293;t295;t296	ref	f19
g124	t288;t290;t294	t286;t287;t289;t291;t292;t293;t295;t296	ref	f5
g124	t288;t290;t294	t286;t287;t289;t291;t292;t293;t295;t296	ref	f11
g125	t297;t299;t301;t302;t309	t298;t300;t303;t304;t305;t306;t307;t308	ref	f7
g125	t297;t299;t301;t302;t309	t298;t300;t303;t304;t305;t306;t307;t308	ref	f4
g125	t297;t299;t301;t302;t309	t298;t300;t303;t304;t305;t306;t307;t308	ref	f3
g125	t297;t299;t301;t302;t309	t298;t300;t303;t304;t305;t306;t307;t308	ref	f15
g125	t297;t299;t301;t302;t309	t298;t300;t303;t304;t305;t306;t307;t308	ref	f17
g126	t315;t316;t319;t322;t324	t310;t311;t312;t313;t314;t317;t318;t320;t321;t323	ref	f20
g126	t315;t316;t319;t322;t324	t310;t311;t312;t313;t314;t317;t318;t320;t321;t323	ref	f10
g126	t315;t316;t319;t322;t324	t310;t311;t312;t313;t314;t317;t318;t320;t321;t323	ref	f19
g126	t315;t316;t319;t322;t324	t310;t311;t312;t313;t314;t317;t318;t320;t321;t323	ref	f13
g126	t315;t316;t319;t322;t324	t310;t311;t312;t313;t314;t317;t318;t320;t321;t323	ref	f5
g126	t315;t316;t319;t322;t324	t310;t311;t312;t313;t314;t317;t318;t320;t321;t323	ref	f16
g127	t327;t329;t332;t333	t325;t326;t328;t330;t331;t334	ref	f8
g127	t327;t329;t332;t333	t325;t326;t328;t330;t331;t334	ref	f2
g127	t327;t329;t332;t333	t325;t326;t328;t330;t331;t334	ref	f5
g127	t327;t329;t332;t333	t325;t326;t328;t330;t331;t334	ref	f6
g127	t327;t329;t332;t333	t325;t326;t328;t330;t331;t334	ref	f17
g127	t327;t329;t332;t333	t325;t326;t328;t330;t331;t334	ref	f11
g128	t335	t336;t337	ref	f15
g128	t335	t336;t337	ref	f11
g128	t335	t336;t337	ref	f10
g129	t339;t340;t341;t344	t338;t342;t343;t345;t346;t347	ref	f20
g129	t339;t340;t341;t344	t338;t342;t343;t345;t346;t347	ref	f10
g129	t339;t340;t341;t344	t338;t342;t343;t345;t346;t347	ref	f5
g129	t339;t340;t341;t344	t338;t342;t343;t345;t346;t347	ref	f6
g129	t339;t340;t341;t344	t338;t342;t343;t345;t346;t347	ref	f17
g129	t339;t340;t341;t344	t338;t342;t343;t345;t346;t347	ref	f12
g13	t348;t351	t349;t350	ref	f7
g13	t348;t351	t349;t350	ref	f20
g13	t348;t351	t349;t350	ref	f2
g13	t348;t351	t349;t350	ref	f19
g13	t348;t351	t349;t350	ref	f5
g13	t348;t351	t349;t350	ref	f11
g130	t352;t356;t359;t361;t362	t353;t354;t355;t357;t358;t360;t363;t364	ref	f1
g130	t352;t356;t359;t361;t362	t353;t354;t355;t357;t358;t360;t363;t364	ref	f14
g130	t352;t356;t359;t361;t362	t353;t354;t355;t357;t358;t360;t363;t364	ref	f9
g130	t352;t356;t359;t361;t362	t353;t354;t355;t357;t358;t360;t363;t364	ref	f15
g130	t352;t356;t359;t361;t362	t353;t354;t355;t357;t358;t360;t363;t364	ref	f12
g131	t367;t368;t370;t371;t372;t379	t365;t366;t369;t373;t374;t375;t376;t377;t378;t380	ref	f4
g131	t367;t368;t370;t371;t372;t379	t365;t366;t369;t373;t374;t375;t376;t377;t378;t380	ref	f3
g131	t367;t368;t370;t371;t372;t379	t365;t366;t369;t373;t374;t375;t376;t377;t378;t380	ref	f8
g131	t367;t368;t370;t371;t372;t379	t365;t366;t369;t373;t374;t375;t376;t377;t378;t380	ref	f10
g131	t367;t368;t370;t371;t372;t379	t365;t366;t369;t373;t374;t375;t376;t377;t378;t380	ref	f18
g132	t385;t386;t387;t388	t381;t382;t383;t384	ref	f4
g132	t385;t386;t387;t388	t381;t382;t383;t384	ref	f19
g132	t385;t386;t387;t388	t381;t382;t383;t384	ref	f13
g132	t385;t386;t387;t388	t381;t382;t383;t384	ref	f15
g132	t385;t386;t387;t388	t381;t382;t383;t384	ref	f11
g132	t385;t386;t387;t388	t381;t382;t383;t384	ref	f17
g133	t393;t395;t396;t397	t389;t390;t391;t392;t394;t398	ref	f4
g133	t393;t395;t396;t397	t389;t390;t391;t392;t394;t398	ref	f3
g133	t393;t395;t396;t397	t389;t390;t391;t392;t394;t398	ref	f19
g133	t393;t395;t396;t397	t389;t390;t391;t392;t394;t398	ref	f13
g133	t393;t395;t396;t397	t389;t390;t391;t392;t394;t398	ref	f5
g133	t393;t395;t396;t397	t389;t390;t391;t392;t394;t398	ref	f6
g134	t399;t400;t405;t406;t407	t401;t402;t403;t404;t408;t409	ref	f1
g134	t399;t400;t405;t406;t407	t401;t402;t403;t404;t408;t409	ref	f9
g134	t399;t400;t405;t406;t407	t401;t402;t403;t404;t408;t409	ref	f19
g134	t399;t400;t405;t406;t407	t401;t402;t403;t404;t408;t409	ref	f11
g134	t399;t400;t405;t406;t407	t401;t402;t403;t404;t408;t409	ref	f12
g135	t410;t415;t417	t411;t412;t413;t414;t416	ref	f4
g135	t410;t415;t417	t411;t412;t413;t414;t416	ref	f9
g135	t410;t415;t417	t411;t412;t413;t414;t416	ref	f5
g135	t410;t415;t417	t411;t412;t413;t414;t416	ref	f15
g135	t410;t415;t417	t411;t412;t413;t414;t416	ref	f17
g136	t418;t421;t423	t419;t420;t422	ref	f20
g136	t418;t421;t423	t419;t420;t422	ref	f3
g136	t418;t421;t423	t419;t420;t422	ref	f17
g136	t418;t421;t423	t419;t420;t422	ref	f16
g137	t424;t425;t426;t429	t427;t428;t430;t431;t432;t433	ref	f20
g137	t424;t425;t426;t429	t427;t428;t430;t431;t432;t433	ref	f7
g137	t424;t425;t426;t429	t427;t428;t430;t431;t432;t433	ref	f9
g137	t424;t425;t426;t429	t427;t428;t430;t431;t432;t433	ref	f18
g138	t434;t435;t438;t439;t444;t445	t436;t437;t440;t441;t442;t443;t446;t447;t448;t449	ref	f7
g138	t434;t435;t438;t439;t444;t445	t436;t437;t440;t441;t442;t443;t446;t447;t448;t449	ref	f8
g138	t434;t435;t438;t439;t444;t445	t436;t437;t440;t441;t442;t443;t446;t447;t448;t449	ref	f2
g138	t434;t435;t438;t439;t444;t445	t436;t437;t440;t441;t442;t443;t446;t447;t448;t449	ref	f10
g139	t450;t453;t456	t451;t452;t454;t455	ref	f7
g139	t450;t453;t456	t451;t452;t454;t455	ref	f8
g139	t450;t453;t456	t451;t452;t454;t455	ref	f10
g139	t450;t453;t456	t451;t452;t454;t455	ref	f18
g139	t450;t453;t456	t451;t452;t454;t455	ref	f11
g14	t457;t459;t461;t463;t464	t458;t460;t462;t465;t466	ref	f1
g14	t457;t459;t461;t463;t464	t458;t460;t462;t465;t466	ref	f8
g14	t457;t459;t461;t463;t464	t458;t460;t462;t465;t466	ref	f15
g14	t457;t459;t461;t463;t464	t458;t460;t462;t465;t466	ref	f17
g14	t457;t459;t461;t463;t464	t458;t460;t462;t465;t466	ref	f12
g140	t471;t472;t473;t477	t467;t468;t469;t470;t474;t475;t476	ref	f5
g140	t471;t472;t473;t477	t467;t468;t469;t470;t474;t475;t476	ref	f1
g140	t471;t472;t473;t477	t467;t468;t469;t470;t474;t475;t476	ref	f4
g140	t471;t472;t473;t477	t467;t468;t469;t470;t474;t475;t476	ref	f10
g141	t478;t480;t483;t484	t479;t481;t482;t485;t486	ref	f1
g141	t478;t480;t483;t484	t479;t481;t482;t485;t486	ref	f4
g141	t478;t480;t483;t484	t479;t481;t482;t485;t486	ref	f19
g141	t478;t480;t483;t484	t479;t481;t482;t485;t486	ref	f18
g142	t489;t491;t492;t493;t497	t487;t488;t490;t494;t495;t496	ref	f9
g142	t489;t491;t492;t493;t497	t487;t488;t490;t494;t495;t496	ref	f19
g142	t489;t491;t492;t493;t497	t487;t488;t490;t494;t495;t496	ref	f4
g142	t489;t491;t492;t493;t497	t487;t488;t490;t494;t495;t496	ref	f14
g143	t498;t499	t500;t501;t502;t503;t504	ref	f8
g143	t498;t499	t500;t501;t502;t503;t504	ref	f2
g143	t498;t499	t500;t501;t502;t503;t504	ref	f19
g143	t498;t499	t500;t501;t502;t503;t504	ref	f13
g143	t498;t499	t500;t501;t502;t503;t504	ref	f16
g143	t498;t499	t500;t501;t502;t503;t504	ref	f12
g144	t505;t507;t508	t506;t509;t510;t511	ref	f6
g144	t505;t507;t508	t506;t509;t510;t511	ref	f7
g144	t505;t507;t508	t506;t509;t510;t511	ref	f10
g144	t505;t507;t508	t506;t509;t510;t511	ref	f11
g145	t514;t516;t517;t521	t512;t513;t515;t518;t519;t520	ref	f20
g145	t514;t516;t517;t521	t512;t513;t515;t518;t519;t520	ref	f14
g145	t514;t516;t517;t521	t512;t513;t515;t518;t519;t520	ref	f8
g145	t514;t516;t517;t521	t512;t513;t515;t518;t519;t520	ref	f10
g145	t514;t516;t517;t521	t512;t513;t515;t518;t519;t520	ref	f17
g145	t514;t516;t517;t521	t512;t513;t515;t518;t519;t520	ref	f12
g146	t522;t523;t529;t531	t524;t525;t526;t527;t528;t530;t532	ref	f3
g146	t522;t523;t529;t531	t524;t525;t526;t527;t528;t530;t532	ref	f19
g146	t522;t523;t529;t531	t524;t525;t526;t527;t528;t530;t532	ref	f5
g146	t522;t523;t529;t531	t524;t525;t526;t527;t528;t530;t532	ref	f6
g146	t522;t523;t529;t531	t524;t525;t526;t527;t528;t530;t532	ref	f16
g147	t534;t535;t541;t544	t533;t536;t537;t538;t539;t540;t542;t543;t545	ref	f20
g147	t534;t535;t541;t544	t533;t536;t537;t538;t539;t540;t542;t543;t545	ref	f10
g147	t534;t535;t541;t544	t533;t536;t537;t538;t539;t540;t542;t543;t545	ref	f9
g147	t534;t535;t541;t544	t533;t536;t537;t538;t539;t540;t542;t543;t545	ref	f13
g147	t534;t535;t541;t544	t533;t536;t537;t538;t539;t540;t542;t543;t545	ref	f16
g147	t534;t535;t541;t544	t533;t536;t537;t538;t539;t540;t542;t543;t545	ref	f17
g148	t546;t547;t551	t548;t549;t550	ref	f2
g148	t546;t547;t551	t548;t549;t550	ref	f9
g148	t546;t547;t551	t548;t549;t550	ref	f15
g148	t546;t547;t551	t548;t549;t550	ref	f11
g148	t546;t547;t551	t548;t549;t550	ref	f12
g149	t553;t554;t556;t557	t552;t555;t558;t559;t560	ref	f4
g149	t553;t554;t556;t557	t552;t555;t558;t559;t560	ref	f6
g149	t553;t554;t556;t557	t552;t555;t558;t559;t560	ref	f3
g149	t553;t554;t556;t557	t552;t555;t558;t559;t560	ref	f8
g15	t562;t565;t566;t567	t561;t563;t564;t568	ref	f19
g15	t562;t565;t566;t567	t561;t563;t564;t568	ref	f16
g15	t562;t565;t566;t567	t561;t563;t564;t568	ref	f17
g15	t562;t565;t566;t567	t561;t563;t564;t568	ref	f15
g150	t571;t573	t569;t570;t572	ref	f10
g150	t571;t573	t569;t570;t572	ref	f9
g150	t571;t573	t569;t570;t572	ref	f13
g150	t571;t573	t569;t570;t572	ref	f18
g150	t571;t573	t569;t570;t572	ref	f17
g151	t574;t577;t579	t575;t576;t578;t580;t581	ref	f20
g151	t574;t577;t579	t575;t576;t578;t580;t581	ref	f2
g151	t574;t577;t579	t575;t576;t578;t580;t581	ref	f10
g152	t584;t587;t589;t590	t582;t583;t585;t586;t588	ref	f9
g152	t584;t587;t589;t590	t582;t583;t585;t586;t588	ref	f19
g152	t584;t587;t589;t590	t582;t583;t585;t586;t588	ref	f11
g152	t584;t587;t589;t590	t582;t583;t585;t586;t588	ref	f12
g153	t591;t596;t599;t601;t602;t603	t592;t593;t594;t595;t597;t598;t600	ref	f14
g153	t591;t596;t599;t601;t602;t603	t592;t593;t594;t595;t597;t598;t600	ref	f10
g153	t591;t596;t599;t601;t602;t603	t592;t593;t594;t595;t597;t598;t600	ref	f18
g153	t591;t596;t599;t601;t602;t603	t592;t593;t594;t595;t597;t598;t600	ref	f5
g153	t591;t596;t599;t601;t602;t603	t592;t593;t594;t595;t597;t598;t600	ref	f6
g154	t607;t610;t613;t617;t618;t620	t604;t605;t606;t608;t609;t611;t612;t614;t615;t616;t619	ref	f7
g154	t607;t610;t613;t617;t618;t620	t604;t605;t606;t608;t609;t611;t612;t614;t615;t616;t619	ref	f1
g154	t607;t610;t613;t617;t618;t620	t604;t605;t606;t608;t609;t611;t612;t614;t615;t616;t619	ref	f4
g154	t607;t610;t613;t617;t618;t620	t604;t605;t606;t608;t609;t611;t612;t614;t615;t616;t619	ref	f14
g154	t607;t610;t613;t617;t618;t620	t604;t605;t606;t608;t609;t611;t612;t614;t615;t616;t619	ref	f10
g155	t621;t622;t623	t624;t625;t626;t627;t628	ref	f12
g155	t621;t622;t623	t624;t625;t626;t627;t628	ref	f4
g155	t621;t622;t623	t624;t625;t626;t627;t628	ref	f11
g155	t621;t622;t623	t624;t625;t626;t627;t628	ref	f10
g156	t629;t632;t635;t638	t630;t631;t633;t634;t636;t637;t639	ref	f19
g156	t629;t632;t635;t638	t630;t631;t633;t634;t636;t637;t639	ref	f3
g156	t629;t632;t635;t638	t630;t631;t633;t634;t636;t637;t639	ref	f17
g156	t629;t632;t635;t638	t630;t631;t633;t634;t636;t637;t639	ref	f8
g157	t642;t644;t648;t649	t640;t641;t643;t645;t646;t647;t650	ref	f3
g157	t642;t644;t648;t649	t640;t641;t643;t645;t646;t647;t650	ref	f9
g157	t642;t644;t648;t649	t640;t641;t643;t645;t646;t647;t650	ref	f13
g157	t642;t644;t648;t649	t640;t641;t643;t645;t646;t647;t650	ref	f18
g157	t642;t644;t648;t649	t640;t641;t643;t645;t646;t647;t650	ref	f15
g158	t654;t655;t656;t657;t660;t662	t651;t652;t653;t658;t659;t661	ref	f14
g158	t654;t655;t656;t657;t660;t662	t651;t652;t653;t658;t659;t661	ref	f13
g158	t654;t655;t656;t657;t660;t662	t651;t652;t653;t658;t659;t661	ref	f18
g158	t654;t655;t656;t657;t660;t662	t651;t652;t653;t658;t659;t661	ref	f15
g158	t654;t655;t656;t657;t660;t662	t651;t652;t653;t658;t659;t661	ref	f6
g159	t663;t665;t670;t671;t673;t674	t664;t666;t667;t668;t669;t672	ref	f1
g159	t663;t665;t670;t671;t673;t674	t664;t666;t667;t668;t669;t672	ref	f8
g159	t663;t665;t670;t671;t673;t674	t664;t666;t667;t668;t669;t672	ref	f19
g159	t663;t665;t670;t671;t673;t674	t664;t666;t667;t668;t669;t672	ref	f11
g159	t663;t665;t670;t671;t673;t674	t664;t666;t667;t668;t669;t672	ref	f16
g16	t676;t680	t675;t677;t678;t679;t681	ref	f20
g16	t676;t680	t675;t677;t678;t679;t681	ref	f1
g16	t676;t680	t675;t677;t678;t679;t681	ref	f8
g16	t676;t680	t675;t677;t678;t679;t681	ref	f9
g16	t676;t680	t675;t677;t678;t679;t681	ref	f12
g160	t684;t685;t688;t689	t682;t683;t686;t687;t690;t691	ref	f20
g160	t684;t685;t688;t689	t682;t683;t686;t687;t690;t691	ref	f1
g160	t684;t685;t688;t689	t682;t683;t686;t687;t690;t691	ref	f14
g160	t684;t685;t688;t689	t682;t683;t686;t687;t690;t691	ref	f9
g161	t692;t694	t693;t695;t696	ref	f2
g161	t692;t694	t693;t695;t696	ref	f10
g161	t692;t694	t693;t695;t696	ref	f6
g161	t692;t694	t693;t695;t696	ref	f11
g161	t692;t694	t693;t695;t696	ref	f17
g162	t698;t700	t697;t699;t701;t702;t703	ref	f5
g162	t698;t700	t697;t699;t701;t702;t703	ref	f19
g162	t698;t700	t697;t699;t701;t702;t703	ref	f3
g162	t698;t700	t697;t699;t701;t702;t703	ref	f13
g163	t704;t706;t711;t712	t705;t707;t708;t709;t710	ref	f15
g163	t704;t706;t711;t712	t705;t707;t708;t709;t710	ref	f16
g163	t704;t706;t711;t712	t705;t707;t708;t709;t710	ref	f17
g163	t704;t706;t711;t712	t705;t707;t708;t709;t710	ref	f8
g164	t714;t717;t718;t719;t725	t713;t715;t716;t720;t721;t722;t723;t724	ref	f7
g164	t714;t717;t718;t719;t725	t713;t715;t716;t720;t721;t722;t723;t724	ref	f3
g164	t714;t717;t718;t719;t725	t713;t715;t716;t720;t721;t722;t723;t724	ref	f9
g164	t714;t717;t718;t719;t725	t713;t715;t716;t720;t721;t722;t723;t724	ref	f19
g164	t714;t717;t718;t719;t725	t713;t715;t716;t720;t721;t722;t723;t724	ref	f16
g165	t731;t733;t736;t737;t739;t740	t726;t727;t728;t729;t730;t732;t734;t735;t738	ref	f4
g165	t731;t733;t736;t737;t739;t740	t726;t727;t728;t729;t730;t732;t734;t735;t738	ref	f14
g165	t731;t733;t736;t737;t739;t740	t726;t727;t728;t729;t730;t732;t734;t735;t738	ref	f2
g165	t731;t733;t736;t737;t739;t740	t726;t727;t728;t729;t730;t732;t734;t735;t738	ref	f10
g165	t731;t733;t736;t737;t739;t740	t726;t727;t728;t729;t730;t732;t734;t735;t738	ref	f18
g166	t741;t745;t747;t748;t749	t742;t743;t744;t746;t750	ref	f1
g166	t741;t745;t747;t748;t749	t742;t743;t744;t746;t750	ref	f14
g166	t741;t745;t747;t748;t749	t742;t743;t744;t746;t750	ref	f19
g166	t741;t745;t747;t748;t749	t742;t743;t744;t746;t750	ref	f5
g166	t741;t745;t747;t748;t749	t742;t743;t744;t746;t750	ref	f16
g167	t756;t757;t759;t760	t751;t752;t753;t754;t755;t758	ref	f14
g167	t756;t757;t759;t760	t751;t752;t753;t754;t755;t758	ref	f17
g167	t756;t757;t759;t760	t751;t752;t753;t754;t755;t758	ref	f2
g167	t756;t757;t759;t760	t751;t752;t753;t754;t755;t758	ref	f16
g168	t762;t765;t766;t768	t761;t763;t764;t767	ref	f14
g168	t762;t765;t766;t768	t761;t763;t764;t767	ref	f2
g168	t762;t765;t766;t768	t761;t763;t764;t767	ref	f18
g168	t762;t765;t766;t768	t761;t763;t764;t767	ref	f15
g168	t762;t765;t766;t768	t761;t763;t764;t767	ref	f6
g169	t769;t772	t770;t771;t773	ref	f6
g169	t769;t772	t770;t771;t773	ref	f14
g169	t769;t772	t770;t771;t773	ref	f13
g17	t774;t776;t778;t779;t782	t775;t777;t780;t781;t783;t784	ref	f9
g17	t774;t776;t778;t779;t782	t775;t777;t780;t781;t783;t784	ref	f19
g17	t774;t776;t778;t779;t782	t775;t777;t780;t781;t783;t784	ref	f15
g17	t774;t776;t778;t779;t782	t775;t777;t780;t781;t783;t784	ref	f10
g170	t787;t789;t791	t785;t786;t788;t790;t792;t793;t794;t795;t796	ref	f4
g170	t787;t789;t791	t785;t786;t788;t790;t792;t793;t794;t795;t796	ref	f2
g170	t787;t789;t791	t785;t786;t788;t790;t792;t793;t794;t795;t796	ref	f10
g170	t787;t789;t791	t785;t786;t788;t790;t792;t793;t794;t795;t796	ref	f9
g170	t787;t789;t791	t785;t786;t788;t790;t792;t793;t794;t795;t796	ref	f13
g171	t797;t800;t805	t798;t799;t801;t802;t803;t804;t806;t807	ref	f3
g171	t797;t800;t805	t798;t799;t801;t802;t803;t804;t806;t807	ref	f14
g171	t797;t800;t805	t798;t799;t801;t802;t803;t804;t806;t807	ref	f17
g171	t797;t800;t805	t798;t799;t801;t802;t803;t804;t806;t807	ref	f18
g172	t808;t810;t811	t809;t812;t813;t814;t815	ref	f1
g172	t808;t810;t811	t809;t812;t813;t814;t815	ref	f14
g172	t808;t810;t811	t809;t812;t813;t814;t815	ref	f2
g172	t808;t810;t811	t809;t812;t813;t814;t815	ref	f10
g172	t808;t810;t811	t809;t812;t813;t814;t815	ref	f18
g172	t808;t810;t811	t809;t812;t813;t814;t815	ref	f6
g173	t816;t818;t819	t817;t820;t821	ref	f2
g173	t816;t818;t819	t817;t820;t821	ref	f5
g173	t816;t818;t819	t817;t820;t821	ref	f13
g173	t816;t818;t819	t817;t820;t821	ref	f8
g174	t824;t827	t822;t823;t825;t826	ref	f7
g174	t824;t827	t822;t823;t825;t826	ref	f14
g174	t824;t827	t822;t823;t825;t826	ref	f10
g174	t824;t827	t822;t823;t825;t826	ref	f9
g174	t824;t827	t822;t823;t825;t826	ref	f19
g174	t824;t827	t822;t823;t825;t826	ref	f12
g175	t828;t829;t830;t833	t831;t832;t834;t835	ref	f15
g175	t828;t829;t830;t833	t831;t832;t834;t835	ref	f7
g175	t828;t829;t830;t833	t831;t832;t834;t835	ref	f16
g175	t828;t829;t830;t833	t831;t832;t834;t835	ref	f8
g176	t837;t839;t840;t843;t846	t836;t838;t841;t842;t844;t845;t847	ref	f7
g176	t837;t839;t840;t843;t846	t836;t838;t841;t842;t844;t845;t847	ref	f3
g176	t837;t839;t840;t843;t846	t836;t838;t841;t842;t844;t845;t847	ref	f17
g176	t837;t839;t840;t843;t846	t836;t838;t841;t842;t844;t845;t847	ref	f16
g177	t850;t852;t853	t848;t849;t851;t854;t855;t856	ref	f2
g177	t850;t852;t853	t848;t849;t851;t854;t855;t856	ref	f7
g177	t850;t852;t853	t848;t849;t851;t854;t855;t856	ref	f13
g177	t850;t852;t853	t848;t849;t851;t854;t855;t856	ref	f10
g178	t859;t860;t864;t865;t866;t869;t870;t871	t857;t858;t861;t862;t863;t867;t868;t872	ref	f6
g178	t859;t860;t864;t865;t866;t869;t870;t871	t857;t858;t861;t862;t863;t867;t868;t872	ref	f13
g178	t859;t860;t864;t865;t866;t869;t870;t871	t857;t858;t861;t862;t863;t867;t868;t872	ref	f17
g178	t859;t860;t864;t865;t866;t869;t870;t871	t857;t858;t861;t862;t863;t867;t868;t872	ref	f8
g179	t873;t877;t878;t879;t881	t874;t875;t876;t880;t882	ref	f1
g179	t873;t877;t878;t879;t881	t874;t875;t876;t880;t882	ref	f4
g179	t873;t877;t878;t879;t881	t874;t875;t876;t880;t882	ref	f14
g179	t873;t877;t878;t879;t881	t874;t875;t876;t880;t882	ref	f13
g179	t873;t877;t878;t879;t881	t874;t875;t876;t880;t882	ref	f12
g18	t885;t886;t889;t890	t883;t884;t887;t888;t891;t892	ref	f20
g18	t885;t886;t889;t890	t883;t884;t887;t888;t891;t892	ref	f4
g18	t885;t886;t889;t890	t883;t884;t887;t888;t891;t892	ref	f9
g18	t885;t886;t889;t890	t883;t884;t887;t888;t891;t892	ref	f2
g180	t893;t898	t894;t895;t896;t897	ref	f11
g180	t893;t898	t894;t895;t896;t897	ref	f3
g180	t893;t898	t894;t895;t896;t897	ref	f2
g180	t893;t898	t894;t895;t896;t897	ref	f18
g181	t899;t901;t904;t908;t909;t911	t900;t902;t903;t905;t906;t907;t910;t912;t913	ref	f19
g181	t899;t901;t904;t908;t909;t911	t900;t902;t903;t905;t906;t907;t910;t912;t913	ref	f13
g181	t899;t901;t904;t908;t909;t911	t900;t902;t903;t905;t906;t907;t910;t912;t913	ref	f2
g181	t899;t901;t904;t908;t909;t911	t900;t902;t903;t905;t906;t907;t910;t912;t913	ref	f10
g182	t915;t916;t920	t914;t917;t918;t919	ref	f5
g182	t915;t916;t920	t914;t917;t918;t919	ref	f19
g182	t915;t916;t920	t914;t917;t918;t919	ref	f16
g182	t915;t916;t920	t914;t917;t918;t919	ref	f18
g183	t922;t923;t924;t926;t929;t935	t921;t925;t927;t928;t930;t931;t932;t933;t934	ref	f7
g183	t922;t923;t924;t926;t929;t935	t921;t925;t927;t928;t930;t931;t932;t933;t934	ref	f14
g183	t922;t923;t924;t926;t929;t935	t921;t925;t927;t928;t930;t931;t932;t933;t934	ref	f10
g183	t922;t923;t924;t926;t929;t935	t921;t925;t927;t928;t930;t931;t932;t933;t934	ref	f18
g184	t938;t940;t942	t936;t937;t939;t941	ref	f19
g184	t938;t940;t942	t936;t937;t939;t941	ref	f4
g184	t938;t940;t942	t936;t937;t939;t941	ref	f3
g184	t938;t940;t942	t936;t937;t939;t941	ref	f17
g185	t943;t945;t950;t952	t944;t946;t947;t948;t949;t951;t953;t954;t955	ref	f14
g185	t943;t945;t950;t952	t944;t946;t947;t948;t949;t951;t953;t954;t955	ref	f2
g185	t943;t945;t950;t952	t944;t946;t947;t948;t949;t951;t953;t954;t955	ref	f9
g185	t943;t945;t950;t952	t944;t946;t947;t948;t949;t951;t953;t954;t955	ref	f13
g185	t943;t945;t950;t952	t944;t946;t947;t948;t949;t951;t953;t954;t955	ref	f6
g186	t959;t961;t964	t956;t957;t958;t960;t962;t963;t965	ref	f7
g186	t959;t961;t964	t956;t957;t958;t960;t962;t963;t965	ref	f9
g186	t959;t961;t964	t956;t957;t958;t960;t962;t963;t965	ref	f19
g186	t959;t961;t964	t956;t957;t958;t960;t962;t963;t965	ref	f13
g186	t959;t961;t964	t956;t957;t958;t960;t962;t963;t965	ref	f15
g186	t959;t961;t964	t956;t957;t958;t960;t962;t963;t965	ref	f17
g187	t968;t969;t973;t975;t976	t966;t967;t970;t971;t972;t974;t977;t978;t979	ref	f15
g187	t968;t969;t973;t975;t976	t966;t967;t970;t971;t972;t974;t977;t978;t979	ref	f4
g187	t968;t969;t973;t975;t976	t966;t967;t970;t971;t972;t974;t977;t978;t979	ref	f3
g187	t968;t969;t973;t975;t976	t966;t967;t970;t971;t972;t974;t977;t978;t979	ref	f18
g188	t984;t985;t987	t980;t981;t982;t983;t986	ref	f20
g188	t984;t985;t987	t980;t981;t982;t983;t986	ref	f8
g188	t984;t985;t987	t980;t981;t982;t983;t986	ref	f10
g188	t984;t985;t987	t980;t981;t982;t983;t986	ref	f5
g188	t984;t985;t987	t980;t981;t982;t983;t986	ref	f17
g189	t991;t995;t996	t988;t989;t990;t992;t993;t994	ref	f19
g189	t991;t995;t996	t988;t989;t990;t992;t993;t994	ref	f13
g19	t1000;t1002;t1009;t1010;t997;t999	t1001;t1003;t1004;t1005;t1006;t1007;t1008;t998	ref	f10
g19	t1000;t1002;t1009;t1010;t997;t999	t1001;t1003;t1004;t1005;t1006;t1007;t1008;t998	ref	f13
g19	t1000;t1002;t1009;t1010;t997;t999	t1001;t1003;t1004;t1005;t1006;t1007;t1008;t998	ref	f5
g19	t1000;t1002;t1009;t1010;t997;t999	t1001;t1003;t1004;t1005;t1006;t1007;t1008;t998	ref	f15
g19	t1000;t1002;t1009;t1010;t997;t999	t1001;t1003;t1004;t1005;t1006;t1007;t1008;t998	ref	f11
g19	t1000;t1002;t1009;t1010;t997;t999	t1001;t1003;t1004;t1005;t1006;t1007;t1008;t998	ref	f17
g190	t1012;t1014;t1016;t1019;t1020	t1011;t1013;t1015;t1017;t1018	ref	f20
g190	t1012;t1014;t1016;t1019;t1020	t1011;t1013;t1015;t1017;t1018	ref	f4
g190	t1012;t1014;t1016;t1019;t1020	t1011;t1013;t1015;t1017;t1018	ref	f3
g190	t1012;t1014;t1016;t1019;t1020	t1011;t1013;t1015;t1017;t1018	ref	f2
g190	t1012;t1014;t1016;t1019;t1020	t1011;t1013;t1015;t1017;t1018	ref	f15
g191	t1023;t1024;t1025;t1029;t1030	t1021;t1022;t1026;t1027;t1028;t1031	ref	f20
g191	t1023;t1024;t1025;t1029;t1030	t1021;t1022;t1026;t1027;t1028;t1031	ref	f3
g191	t1023;t1024;t1025;t1029;t1030	t1021;t1022;t1026;t1027;t1028;t1031	ref	f8
g191	t1023;t1024;t1025;t1029;t1030	t1021;t1022;t1026;t1027;t1028;t1031	ref	f11
g191	t1023;t1024;t1025;t1029;t1030	t1021;t1022;t1026;t1027;t1028;t1031	ref	f17
g192	t1034;t1035;t1036;t1038;t1042	t1032;t1033;t1037;t1039;t1040;t1041;t1043;t1044	ref	f7
g192	t1034;t1035;t1036;t1038;t1042	t1032;t1033;t1037;t1039;t1040;t1041;t1043;t1044	ref	f4
g192	t1034;t1035;t1036;t1038;t1042	t1032;t1033;t1037;t1039;t1040;t1041;t1043;t1044	ref	f2
g192	t1034;t1035;t1036;t1038;t1042	t1032;t1033;t1037;t1039;t1040;t1041;t1043;t1044	ref	f13
g192	t1034;t1035;t1036;t1038;t1042	t1032;t1033;t1037;t1039;t1040;t1041;t1043;t1044	ref	f16
g193	t1045;t1047;t1049	t1046;t1048;t1050;t1051	ref	f7
g193	t1045;t1047;t1049	t1046;t1048;t1050;t1051	ref	f20
g193	t1045;t1047;t1049	t1046;t1048;t1050;t1051	ref	f4
g193	t1045;t1047;t1049	t1046;t1048;t1050;t1051	ref	f14
g193	t1045;t1047;t1049	t1046;t1048;t1050;t1051	ref	f5
g194	t1054;t1055;t1056;t1061;t1063	t1052;t1053;t1057;t1058;t1059;t1060;t1062;t1064	ref	f20
g194	t1054;t1055;t1056;t1061;t1063	t1052;t1053;t1057;t1058;t1059;t1060;t1062;t1064	ref	f14
g194	t1054;t1055;t1056;t1061;t1063	t1052;t1053;t1057;t1058;t1059;t1060;t1062;t1064	ref	f3
g194	t1054;t1055;t1056;t1061;t1063	t1052;t1053;t1057;t1058;t1059;t1060;t1062;t1064	ref	f10
g194	t1054;t1055;t1056;t1061;t1063	t1052;t1053;t1057;t1058;t1059;t1060;t1062;t1064	ref	f5
g195	t1072;t1074;t1075;t1076;t1077;t1080	t1065;t1066;t1067;t1068;t1069;t1070;t1071;t1073;t1078;t1079	ref	f4
g195	t1072;t1074;t1075;t1076;t1077;t1080	t1065;t1066;t1067;t1068;t1069;t1070;t1071;t1073;t1078;t1079	ref	f3
g195	t1072;t1074;t1075;t1076;t1077;t1080	t1065;t1066;t1067;t1068;t1069;t1070;t1071;t1073;t1078;t1079	ref	f9
g195	t1072;t1074;t1075;t1076;t1077;t1080	t1065;t1066;t1067;t1068;t1069;t1070;t1071;t1073;t1078;t1079	ref	f18
g195	t1072;t1074;t1075;t1076;t1077;t1080	t1065;t1066;t1067;t1068;t1069;t1070;t1071;t1073;t1078;t1079	ref	f11
g196	t1081;t1085;t1090;t1093	t1082;t1083;t1084;t1086;t1087;t1088;t1089;t1091;t1092	ref	f9
g196	t1081;t1085;t1090;t1093	t1082;t1083;t1084;t1086;t1087;t1088;t1089;t1091;t1092	ref	f4
g196	t1081;t1085;t1090;t1093	t1082;t1083;t1084;t1086;t1087;t1088;t1089;t1091;t1092	ref	f7
g197	t1094;t1099;t1102;t1104	t1095;t1096;t1097;t1098;t1100;t1101;t1103	ref	f20
g197	t1094;t1099;t1102;t1104	t1095;t1096;t1097;t1098;t1100;t1101;t1103	ref	f3
g197	t1094;t1099;t1102;t1104	t1095;t1096;t1097;t1098;t1100;t1101;t1103	ref	f2
g197	t1094;t1099;t1102;t1104	t1095;t1096;t1097;t1098;t1100;t1101;t1103	ref	f10
g197	t1094;t1099;t1102;t1104	t1095;t1096;t1097;t1098;t1100;t1101;t1103	ref	f5
g198	t1106;t1108;t1110;t1115;t1116	t1105;t1107;t1109;t1111;t1112;t1113;t1114;t1117	ref	f1
g198	t1106;t1108;t1110;t1115;t1116	t1105;t1107;t1109;t1111;t1112;t1113;t1114;t1117	ref	f14
g198	t1106;t1108;t1110;t1115;t1116	t1105;t1107;t1109;t1111;t1112;t1113;t1114;t1117	ref	f3
g198	t1106;t1108;t1110;t1115;t1116	t1105;t1107;t1109;t1111;t1112;t1113;t1114;t1117	ref	f19
g198	t1106;t1108;t1110;t1115;t1116	t1105;t1107;t1109;t1111;t1112;t1113;t1114;t1117	ref	f17
g199	t1118;t1119	t1120;t1121;t1122;t1123	ref	f14
g199	t1118;t1119	t1120;t1121;t1122;t1123	ref	f2
g199	t1118;t1119	t1120;t1121;t1122;t1123	ref	f8
g199	t1118;t1119	t1120;t1121;t1122;t1123	ref	f9
g199	t1118;t1119	t1120;t1121;t1122;t1123	ref	f13
g199	t1118;t1119	t1120;t1121;t1122;t1123	ref	f12
g2	t1126;t1127	t1124;t1125;t1128	ref	f13
g2	t1126;t1127	t1124;t1125;t1128	ref	f18
g20	t1129;t1131;t1134	t1130;t1132;t1133;t1135;t1136	ref	f7
g20	t1129;t1131;t1134	t1130;t1132;t1133;t1135;t1136	ref	f20
g20	t1129;t1131;t1134	t1130;t1132;t1133;t1135;t1136	ref	f2
g20	t1129;t1131;t1134	t1130;t1132;t1133;t1135;t1136	ref	f19
g20	t1129;t1131;t1134	t1130;t1132;t1133;t1135;t1136	ref	f11
g200	t1137;t1138;t1139	t1140;t1141;t1142	ref	f8
g200	t1137;t1138;t1139	t1140;t1141;t1142	ref	f10
g200	t1137;t1138;t1139	t1140;t1141;t1142	ref	f13
g200	t1137;t1138;t1139	t1140;t1141;t1142	ref	f6
g200	t1137;t1138;t1139	t1140;t1141;t1142	ref	f17
g21	t1145;t1150;t1151	t1143;t1144;t1146;t1147;t1148;t1149;t1152;t1153	ref	f16
g21	t1145;t1150;t1151	t1143;t1144;t1146;t1147;t1148;t1149;t1152;t1153	ref	f17
g21	t1145;t1150;t1151	t1143;t1144;t1146;t1147;t1148;t1149;t1152;t1153	ref	f12
g21	t1145;t1150;t1151	t1143;t1144;t1146;t1147;t1148;t1149;t1152;t1153	ref	f18
g22	t1154;t1156;t1157;t1161;t1164;t1165;t1166	t1155;t1158;t1159;t1160;t1162;t1163;t1167	ref	f20
g22	t1154;t1156;t1157;t1161;t1164;t1165;t1166	t1155;t1158;t1159;t1160;t1162;t1163;t1167	ref	f19
g22	t1154;t1156;t1157;t1161;t1164;t1165;t1166	t1155;t1158;t1159;t1160;t1162;t1163;t1167	ref	f6
g22	t1154;t1156;t1157;t1161;t1164;t1165;t1166	t1155;t1158;t1159;t1160;t1162;t1163;t1167	ref	f11
g23	t1170;t1173	t1168;t1169;t1171;t1172;t1174	ref	f20
g23	t1170;t1173	t1168;t1169;t1171;t1172;t1174	ref	f14
g23	t1170;t1173	t1168;t1169;t1171;t1172;t1174	ref	f18
g23	t1170;t1173	t1168;t1169;t1171;t1172;t1174	ref	f5
g23	t1170;t1173	t1168;t1169;t1171;t1172;t1174	ref	f12
g24	t1175;t1182;t1185	t1176;t1177;t1178;t1179;t1180;t1181;t1183;t1184	ref	f3
g24	t1175;t1182;t1185	t1176;t1177;t1178;t1179;t1180;t1181;t1183;t1184	ref	f14
g24	t1175;t1182;t1185	t1176;t1177;t1178;t1179;t1180;t1181;t1183;t1184	ref	f8
g24	t1175;t1182;t1185	t1176;t1177;t1178;t1179;t1180;t1181;t1183;t1184	ref	f18
g25	t1186;t1188;t1189;t1192	t1187;t1190;t1191;t1193	ref	f9
g25	t1186;t1188;t1189;t1192	t1187;t1190;t1191;t1193	ref	f4
g25	t1186;t1188;t1189;t1192	t1187;t1190;t1191;t1193	ref	f10
g26	t1195;t1198;t1199;t1204;t1206	t1194;t1196;t1197;t1200;t1201;t1202;t1203;t1205	ref	f20
g26	t1195;t1198;t1199;t1204;t1206	t1194;t1196;t1197;t1200;t1201;t1202;t1203;t1205	ref	f4
g26	t1195;t1198;t1199;t1204;t1206	t1194;t1196;t1197;t1200;t1201;t1202;t1203;t1205	ref	f8
g26	t1195;t1198;t1199;t1204;t1206	t1194;t1196;t1197;t1200;t1201;t1202;t1203;t1205	ref	f2
g26	t1195;t1198;t1199;t1204;t1206	t1194;t1196;t1197;t1200;t1201;t1202;t1203;t1205	ref	f19
g26	t1195;t1198;t1199;t1204;t1206	t1194;t1196;t1197;t1200;t1201;t1202;t1203;t1205	ref	f18
g27	t1209;t1214;t1215;t1218	t1207;t1208;t1210;t1211;t1212;t1213;t1216;t1217	ref	f9
g27	t1209;t1214;t1215;t1218	t1207;t1208;t1210;t1211;t1212;t1213;t1216;t1217	ref	f17
g27	t1209;t1214;t1215;t1218	t1207;t1208;t1210;t1211;t1212;t1213;t1216;t1217	ref	f18
g28	t1220;t1221;t1224;t1226	t1219;t1222;t1223;t1225;t1227	ref	f20
g28	t1220;t1221;t1224;t1226	t1219;t1222;t1223;t1225;t1227	ref	f14
g28	t1220;t1221;t1224;t1226	t1219;t1222;t1223;t1225;t1227	ref	f9
g28	t1220;t1221;t1224;t1226	t1219;t1222;t1223;t1225;t1227	ref	f15
g28	t1220;t1221;t1224;t1226	t1219;t1222;t1223;t1225;t1227	ref	f16
g29	t1231;t1233;t1234;t1240;t1242;t1243;t1244	t1228;t1229;t1230;t1232;t1235;t1236;t1237;t1238;t1239;t1241	ref	f4
g29	t1231;t1233;t1234;t1240;t1242;t1243;t1244	t1228;t1229;t1230;t1232;t1235;t1236;t1237;t1238;t1239;t1241	ref	f9
g29	t1231;t1233;t1234;t1240;t1242;t1243;t1244	t1228;t1229;t1230;t1232;t1235;t1236;t1237;t1238;t1239;t1241	ref	f18
g29	t1231;t1233;t1234;t1240;t1242;t1243;t1244	t1228;t1229;t1230;t1232;t1235;t1236;t1237;t1238;t1239;t1241	ref	f11
g29	t1231;t1233;t1234;t1240;t1242;t1243;t1244	t1228;t1229;t1230;t1232;t1235;t1236;t1237;t1238;t1239;t1241	ref	f17
g29	t1231;t1233;t1234;t1240;t1242;t1243;t1244	t1228;t1229;t1230;t1232;t1235;t1236;t1237;t1238;t1239;t1241	ref	f12
g3	t1247;t1248;t1249	t1245;t1246;t1250;t1251;t1252;t1253;t1254;t1255	ref	f14
g3	t1247;t1248;t1249	t1245;t1246;t1250;t1251;t1252;t1253;t1254;t1255	ref	f19
g3	t1247;t1248;t1249	t1245;t1246;t1250;t1251;t1252;t1253;t1254;t1255	ref	f18
g3	t1247;t1248;t1249	t1245;t1246;t1250;t1251;t1252;t1253;t1254;t1255	ref	f17
g3	t1247;t1248;t1249	t1245;t1246;t1250;t1251;t1252;t1253;t1254;t1255	ref	f12
g30	t1258;t1261	t1256;t1257;t1259;t1260	ref	f1
g30	t1258;t1261	t1256;t1257;t1259;t1260	ref	f4
g30	t1258;t1261	t1256;t1257;t1259;t1260	ref	f3
g30	t1258;t1261	t1256;t1257;t1259;t1260	ref	f10
g30	t1258;t1261	t1256;t1257;t1259;t1260	ref	f5
g31	t1265	t1262;t1263;t1264	ref	f7
g31	t1265	t1262;t1263;t1264	ref	f4
g31	t1265	t1262;t1263;t1264	ref	f8
g31	t1265	t1262;t1263;t1264	ref	f15
g31	t1265	t1262;t1263;t1264	ref	f17
g32	t1267;t1271;t1272;t1274;t1277;t1278	t1266;t1268;t1269;t1270;t1273;t1275;t1276	ref	f7
g32	t1267;t1271;t1272;t1274;t1277;t1278	t1266;t1268;t1269;t1270;t1273;t1275;t1276	ref	f3
g32	t1267;t1271;t1272;t1274;t1277;t1278	t1266;t1268;t1269;t1270;t1273;t1275;t1276	ref	f14
g32	t1267;t1271;t1272;t1274;t1277;t1278	t1266;t1268;t1269;t1270;t1273;t1275;t1276	ref	f9
g32	t1267;t1271;t1272;t1274;t1277;t1278	t1266;t1268;t1269;t1270;t1273;t1275;t1276	ref	f12
g33	t1280;t1284;t1285;t1288;t1291	t1279;t1281;t1282;t1283;t1286;t1287;t1289;t1290;t1292;t1293	ref	f7
g33	t1280;t1284;t1285;t1288;t1291	t1279;t1281;t1282;t1283;t1286;t1287;t1289;t1290;t1292;t1293	ref	f16
g33	t1280;t1284;t1285;t1288;t1291	t1279;t1281;t1282;t1283;t1286;t1287;t1289;t1290;t1292;t1293	ref	f10
g33	t1280;t1284;t1285;t1288;t1291	t1279;t1281;t1282;t1283;t1286;t1287;t1289;t1290;t1292;t1293	ref	f18
g34	t1295;t1296	t1294;t1297;t1298;t1299	ref	f9
g34	t1295;t1296	t1294;t1297;t1298;t1299	ref	f7
g34	t1295;t1296	t1294;t1297;t1298;t1299	ref	f13
g34	t1295;t1296	t1294;t1297;t1298;t1299	ref	f8
g35	t1301;t1303;t1304;t1305	t1300;t1302;t1306;t1307;t1308;t1309	ref	f4
g35	t1301;t1303;t1304;t1305	t1300;t1302;t1306;t1307;t1308;t1309	ref	f2
g35	t1301;t1303;t1304;t1305	t1300;t1302;t1306;t1307;t1308;t1309	ref	f10
g35	t1301;t1303;t1304;t1305	t1300;t1302;t1306;t1307;t1308;t1309	ref	f13
g35	t1301;t1303;t1304;t1305	t1300;t1302;t1306;t1307;t1308;t1309	ref	f15
g35	t1301;t1303;t1304;t1305	t1300;t1302;t1306;t1307;t1308;t1309	ref	f11
g36	t1310;t1311;t1312	t1313;t1314;t1315;t1316	ref	f3
g36	t1310;t1311;t1312	t1313;t1314;t1315;t1316	ref	f8
g36	t1310;t1311;t1312	t1313;t1314;t1315;t1316	ref	f10
g36	t1310;t1311;t1312	t1313;t1314;t1315;t1316	ref	f18
g36	t1310;t1311;t1312	t1313;t1314;t1315;t1316	ref	f16
g36	t1310;t1311;t1312	t1313;t1314;t1315;t1316	ref	f17
g37	t1318;t1320;t1323;t1327;t1329;t1330	t1317;t1319;t1321;t1322;t1324;t1325;t1326;t1328	ref	f2
g37	t1318;t1320;t1323;t1327;t1329;t1330	t1317;t1319;t1321;t1322;t1324;t1325;t1326;t1328	ref	f9
g37	t1318;t1320;t1323;t1327;t1329;t1330	t1317;t1319;t1321;t1322;t1324;t1325;t1326;t1328	ref	f19
g37	t1318;t1320;t1323;t1327;t1329;t1330	t1317;t1319;t1321;t1322;t1324;t1325;t1326;t1328	ref	f18
g37	t1318;t1320;t1323;t1327;t1329;t1330	t1317;t1319;t1321;t1322;t1324;t1325;t1326;t1328	ref	f11
g38	t1334;t1335;t1340	t1331;t1332;t1333;t1336;t1337;t1338;t1339;t1341	ref	f9
g38	t1334;t1335;t1340	t1331;t1332;t1333;t1336;t1337;t1338;t1339;t1341	ref	f19
g38	t1334;t1335;t1340	t1331;t1332;t1333;t1336;t1337;t1338;t1339;t1341	ref	f4
g38	t1334;t1335;t1340	t1331;t1332;t1333;t1336;t1337;t1338;t1339;t1341	ref	f10
g39	t1344;t1346	t1342;t1343;t1345;t1347	ref	f7
g39	t1344;t1346	t1342;t1343;t1345;t1347	ref	f20
g39	t1344;t1346	t1342;t1343;t1345;t1347	ref	f14
g39	t1344;t1346	t1342;t1343;t1345;t1347	ref	f3
g39	t1344;t1346	t1342;t1343;t1345;t1347	ref	f17
g4	t1348;t1350;t1353;t1354;t1362;t1364	t1349;t1351;t1352;t1355;t1356;t1357;t1358;t1359;t1360;t1361;t1363;t1365	ref	f7
g4	t1348;t1350;t1353;t1354;t1362;t1364	t1349;t1351;t1352;t1355;t1356;t1357;t1358;t1359;t1360;t1361;t1363;t1365	ref	f20
g4	t1348;t1350;t1353;t1354;t1362;t1364	t1349;t1351;t1352;t1355;t1356;t1357;t1358;t1359;t1360;t1361;t1363;t1365	ref	f1
g4	t1348;t1350;t1353;t1354;t1362;t1364	t1349;t1351;t1352;t1355;t1356;t1357;t1358;t1359;t1360;t1361;t1363;t1365	ref	f10
g4	t1348;t1350;t1353;t1354;t1362;t1364	t1349;t1351;t1352;t1355;t1356;t1357;t1358;t1359;t1360;t1361;t1363;t1365	ref	f13
g40	t1369;t1370;t1371	t1366;t1367;t1368;t1372;t1373	ref	f20
g40	t1369;t1370;t1371	t1366;t1367;t1368;t1372;t1373	ref	f5
g40	t1369;t1370;t1371	t1366;t1367;t1368;t1372;t1373	ref	f7
g40	t1369;t1370;t1371	t1366;t1367;t1368;t1372;t1373	ref	f13
g41	t1374;t1378;t1380;t1381;t1382	t1375;t1376;t1377;t1379;t1383;t1384	ref	f1
g41	t1374;t1378;t1380;t1381;t1382	t1375;t1376;t1377;t1379;t1383;t1384	ref	f14
g41	t1374;t1378;t1380;t1381;t1382	t1375;t1376;t1377;t1379;t1383;t1384	ref	f3
g41	t1374;t1378;t1380;t1381;t1382	t1375;t1376;t1377;t1379;t1383;t1384	ref	f16
g41	t1374;t1378;t1380;t1381;t1382	t1375;t1376;t1377;t1379;t1383;t1384	ref	f17
g42	t1385;t1387;t1389;t1391	t1386;t1388;t1390;t1392	ref	f7
g42	t1385;t1387;t1389;t1391	t1386;t1388;t1390;t1392	ref	f1
g42	t1385;t1387;t1389;t1391	t1386;t1388;t1390;t1392	ref	f2
g42	t1385;t1387;t1389;t1391	t1386;t1388;t1390;t1392	ref	f11
g42	t1385;t1387;t1389;t1391	t1386;t1388;t1390;t1392	ref	f16
g43	t1394;t1396;t1399;t1400;t1402	t1393;t1395;t1397;t1398;t1401	ref	f7
g43	t1394;t1396;t1399;t1400;t1402	t1393;t1395;t1397;t1398;t1401	ref	f20
g43	t1394;t1396;t1399;t1400;t1402	t1393;t1395;t1397;t1398;t1401	ref	f14
g43	t1394;t1396;t1399;t1400;t1402	t1393;t1395;t1397;t1398;t1401	ref	f19
g43	t1394;t1396;t1399;t1400;t1402	t1393;t1395;t1397;t1398;t1401	ref	f5
g44	t1405;t1406;t1408	t1403;t1404;t1407;t1409	ref	f11
g44	t1405;t1406;t1408	t1403;t1404;t1407;t1409	ref	f10
g45	t1412;t1414;t1416	t1410;t1411;t1413;t1415	ref	f3
g45	t1412;t1414;t1416	t1410;t1411;t1413;t1415	ref	f14
g45	t1412;t1414;t1416	t1410;t1411;t1413;t1415	ref	f8
g45	t1412;t1414;t1416	t1410;t1411;t1413;t1415	ref	f9
g45	t1412;t1414;t1416	t1410;t1411;t1413;t1415	ref	f11
g46	t1420;t1421;t1422;t1428	t1417;t1418;t1419;t1423;t1424;t1425;t1426;t1427;t1429	ref	f20
g46	t1420;t1421;t1422;t1428	t1417;t1418;t1419;t1423;t1424;t1425;t1426;t1427;t1429	ref	f15
g46	t1420;t1421;t1422;t1428	t1417;t1418;t1419;t1423;t1424;t1425;t1426;t1427;t1429	ref	f16
g46	t1420;t1421;t1422;t1428	t1417;t1418;t1419;t1423;t1424;t1425;t1426;t1427;t1429	ref	f12
g47	t1434;t1435;t1438;t1440	t1430;t1431;t1432;t1433;t1436;t1437;t1439;t1441	ref	f1
g47	t1434;t1435;t1438;t1440	t1430;t1431;t1432;t1433;t1436;t1437;t1439;t1441	ref	f19
g47	t1434;t1435;t1438;t1440	t1430;t1431;t1432;t1433;t1436;t1437;t1439;t1441	ref	f3
g47	t1434;t1435;t1438;t1440	t1430;t1431;t1432;t1433;t1436;t1437;t1439;t1441	ref	f13
g48	t1444;t1445;t1450;t1453;t1454	t1442;t1443;t1446;t1447;t1448;t1449;t1451;t1452;t1455	ref	f13
g48	t1444;t1445;t1450;t1453;t1454	t1442;t1443;t1446;t1447;t1448;t1449;t1451;t1452;t1455	ref	f3
g48	t1444;t1445;t1450;t1453;t1454	t1442;t1443;t1446;t1447;t1448;t1449;t1451;t1452;t1455	ref	f8
g49	t1457;t1461;t1463	t1456;t1458;t1459;t1460;t1462	ref	f9
g49	t1457;t1461;t1463	t1456;t1458;t1459;t1460;t1462	ref	f15
g49	t1457;t1461;t1463	t1456;t1458;t1459;t1460;t1462	ref	f3
g49	t1457;t1461;t1463	t1456;t1458;t1459;t1460;t1462	ref	f10
g5	t1464;t1467;t1468;t1470	t1465;t1466;t1469;t1471;t1472;t1473	ref	f3
g5	t1464;t1467;t1468;t1470	t1465;t1466;t1469;t1471;t1472;t1473	ref	f17
g5	t1464;t1467;t1468;t1470	t1465;t1466;t1469;t1471;t1472;t1473	ref	f12
g50	t1474;t1475;t1482	t1476;t1477;t1478;t1479;t1480;t1481;t1483;t1484;t1485	ref	f5
g50	t1474;t1475;t1482	t1476;t1477;t1478;t1479;t1480;t1481;t1483;t1484;t1485	ref	f15
g50	t1474;t1475;t1482	t1476;t1477;t1478;t1479;t1480;t1481;t1483;t1484;t1485	ref	f11
g50	t1474;t1475;t1482	t1476;t1477;t1478;t1479;t1480;t1481;t1483;t1484;t1485	ref	f18
g51	t1488;t1490;t1491	t1486;t1487;t1489;t1492;t1493;t1494	ref	f4
g51	t1488;t1490;t1491	t1486;t1487;t1489;t1492;t1493;t1494	ref	f8
g51	t1488;t1490;t1491	t1486;t1487;t1489;t1492;t1493;t1494	ref	f10
g51	t1488;t1490;t1491	t1486;t1487;t1489;t1492;t1493;t1494	ref	f18
g51	t1488;t1490;t1491	t1486;t1487;t1489;t1492;t1493;t1494	ref	f15
g52	t1495;t1497;t1499;t1504	t1496;t1498;t1500;t1501;t1502;t1503	ref	f19
g52	t1495;t1497;t1499;t1504	t1496;t1498;t1500;t1501;t1502;t1503	ref	f7
g52	t1495;t1497;t1499;t1504	t1496;t1498;t1500;t1501;t1502;t1503	ref	f16
g52	t1495;t1497;t1499;t1504	t1496;t1498;t1500;t1501;t1502;t1503	ref	f18
g53	t1505;t1508;t1512;t1514;t1517	t1506;t1507;t1509;t1510;t1511;t1513;t1515;t1516	ref	f9
g53	t1505;t1508;t1512;t1514;t1517	t1506;t1507;t1509;t1510;t1511;t1513;t1515;t1516	ref	f13
g53	t1505;t1508;t1512;t1514;t1517	t1506;t1507;t1509;t1510;t1511;t1513;t1515;t1516	ref	f18
g53	t1505;t1508;t1512;t1514;t1517	t1506;t1507;t1509;t1510;t1511;t1513;t1515;t1516	ref	f16
g53	t1505;t1508;t1512;t1514;t1517	t1506;t1507;t1509;t1510;t1511;t1513;t1515;t1516	ref	f17
g54	t1518;t1522;t1527;t1531;t1534	t1519;t1520;t1521;t1523;t1524;t1525;t1526;t1528;t1529;t1530;t1532;t1533	ref	f3
g54	t1518;t1522;t1527;t1531;t1534	t1519;t1520;t1521;t1523;t1524;t1525;t1526;t1528;t1529;t1530;t1532;t1533	ref	f2
g54	t1518;t1522;t1527;t1531;t1534	t1519;t1520;t1521;t1523;t1524;t1525;t1526;t1528;t1529;t1530;t1532;t1533	ref	f6
g54	t1518;t1522;t1527;t1531;t1534	t1519;t1520;t1521;t1523;t1524;t1525;t1526;t1528;t1529;t1530;t1532;t1533	ref	f16
g54	t1518;t1522;t1527;t1531;t1534	t1519;t1520;t1521;t1523;t1524;t1525;t1526;t1528;t1529;t1530;t1532;t1533	ref	f17
g55	t1537;t1540;t1541	t1535;t1536;t1538;t1539	ref	f15
g55	t1537;t1540;t1541	t1535;t1536;t1538;t1539	ref	f11
g55	t1537;t1540;t1541	t1535;t1536;t1538;t1539	ref	f14
g55	t1537;t1540;t1541	t1535;t1536;t1538;t1539	ref	f17
g56	t1544;t1547;t1548;t1549	t1542;t1543;t1545;t1546;t1550;t1551	ref	f20
g56	t1544;t1547;t1548;t1549	t1542;t1543;t1545;t1546;t1550;t1551	ref	f1
g56	t1544;t1547;t1548;t1549	t1542;t1543;t1545;t1546;t1550;t1551	ref	f4
g56	t1544;t1547;t1548;t1549	t1542;t1543;t1545;t1546;t1550;t1551	ref	f8
g56	t1544;t1547;t1548;t1549	t1542;t1543;t1545;t1546;t1550;t1551	ref	f12
g57	t1555;t1556;t1559	t1552;t1553;t1554;t1557;t1558;t1560;t1561	ref	f14
g57	t1555;t1556;t1559	t1552;t1553;t1554;t1557;t1558;t1560;t1561	ref	f2
g57	t1555;t1556;t1559	t1552;t1553;t1554;t1557;t1558;t1560;t1561	ref	f19
g57	t1555;t1556;t1559	t1552;t1553;t1554;t1557;t1558;t1560;t1561	ref	f18
g57	t1555;t1556;t1559	t1552;t1553;t1554;t1557;t1558;t1560;t1561	ref	f15
g57	t1555;t1556;t1559	t1552;t1553;t1554;t1557;t1558;t1560;t1561	ref	f17
g58	t1562;t1566;t1567;t1570;t1571;t1572;t1573	t1563;t1564;t1565;t1568;t1569;t1574;t1575	ref	f20
g58	t1562;t1566;t1567;t1570;t1571;t1572;t1573	t1563;t1564;t1565;t1568;t1569;t1574;t1575	ref	f2
g58	t1562;t1566;t1567;t1570;t1571;t1572;t1573	t1563;t1564;t1565;t1568;t1569;t1574;t1575	ref	f8
g58	t1562;t1566;t1567;t1570;t1571;t1572;t1573	t1563;t1564;t1565;t1568;t1569;t1574;t1575	ref	f9
g58	t1562;t1566;t1567;t1570;t1571;t1572;t1573	t1563;t1564;t1565;t1568;t1569;t1574;t1575	ref	f10
g58	t1562;t1566;t1567;t1570;t1571;t1572;t1573	t1563;t1564;t1565;t1568;t1569;t1574;t1575	ref	f5
g59	t1578;t1579;t1580;t1582	t1576;t1577;t1581;t1583	ref	f15
g59	t1578;t1579;t1580;t1582	t1576;t1577;t1581;t1583	ref	f4
g59	t1578;t1579;t1580;t1582	t1576;t1577;t1581;t1583	ref	f12
g59	t1578;t1579;t1580;t1582	t1576;t1577;t1581;t1583	ref	f8
g6	t1585;t1586;t1592	t1584;t1587;t1588;t1589;t1590;t1591	ref	f4
g6	t1585;t1586;t1592	t1584;t1587;t1588;t1589;t1590;t1591	ref	f14
g6	t1585;t1586;t1592	t1584;t1587;t1588;t1589;t1590;t1591	ref	f2
g6	t1585;t1586;t1592	t1584;t1587;t1588;t1589;t1590;t1591	ref	f8
g6	t1585;t1586;t1592	t1584;t1587;t1588;t1589;t1590;t1591	ref	f10
g60	t1598;t1599;t1600	t1593;t1594;t1595;t1596;t1597	ref	f20
g60	t1598;t1599;t1600	t1593;t1594;t1595;t1596;t1597	ref	f1
g60	t1598;t1599;t1600	t1593;t1594;t1595;t1596;t1597	ref	f11
g60	t1598;t1599;t1600	t1593;t1594;t1595;t1596;t1597	ref	f8
g61	t1606;t1607;t1608;t1610	t1601;t1602;t1603;t1604;t1605;t1609	ref	f20
g61	t1606;t1607;t1608;t1610	t1601;t1602;t1603;t1604;t1605;t1609	ref	f1
g61	t1606;t1607;t1608;t1610	t1601;t1602;t1603;t1604;t1605;t1609	ref	f14
g61	t1606;t1607;t1608;t1610	t1601;t1602;t1603;t1604;t1605;t1609	ref	f18
g61	t1606;t1607;t1608;t1610	t1601;t1602;t1603;t1604;t1605;t1609	ref	f15
g62	t1612;t1618;t1619	t1611;t1613;t1614;t1615;t1616;t1617	ref	f3
g62	t1612;t1618;t1619	t1611;t1613;t1614;t1615;t1616;t1617	ref	f2
g62	t1612;t1618;t1619	t1611;t1613;t1614;t1615;t1616;t1617	ref	f9
g62	t1612;t1618;t1619	t1611;t1613;t1614;t1615;t1616;t1617	ref	f18
g62	t1612;t1618;t1619	t1611;t1613;t1614;t1615;t1616;t1617	ref	f5
g62	t1612;t1618;t1619	t1611;t1613;t1614;t1615;t1616;t1617	ref	f15
g63	t1621;t1623;t1625;t1626;t1628	t1620;t1622;t1624;t1627;t1629	ref	f5
g63	t1621;t1623;t1625;t1626;t1628	t1620;t1622;t1624;t1627;t1629	ref	f17
g63	t1621;t1623;t1625;t1626;t1628	t1620;t1622;t1624;t1627;t1629	ref	f18
g64	t1631;t1633;t1634	t1630;t1632;t1635;t1636;t1637	ref	f19
g64	t1631;t1633;t1634	t1630;t1632;t1635;t1636;t1637	ref	f8
g64	t1631;t1633;t1634	t1630;t1632;t1635;t1636;t1637	ref	f12
g65	t1638;t1639;t1642;t1646;t1648	t1640;t1641;t1643;t1644;t1645;t1647	ref	f20
g65	t1638;t1639;t1642;t1646;t1648	t1640;t1641;t1643;t1644;t1645;t1647	ref	f4
g65	t1638;t1639;t1642;t1646;t1648	t1640;t1641;t1643;t1644;t1645;t1647	ref	f8
g65	t1638;t1639;t1642;t1646;t1648	t1640;t1641;t1643;t1644;t1645;t1647	ref	f19
g65	t1638;t1639;t1642;t1646;t1648	t1640;t1641;t1643;t1644;t1645;t1647	ref	f12
g66	t1651;t1652;t1655;t1658	t1649;t1650;t1653;t1654;t1656;t1657	ref	f2
g66	t1651;t1652;t1655;t1658	t1649;t1650;t1653;t1654;t1656;t1657	ref	f9
g66	t1651;t1652;t1655;t1658	t1649;t1650;t1653;t1654;t1656;t1657	ref	f6
g66	t1651;t1652;t1655;t1658	t1649;t1650;t1653;t1654;t1656;t1657	ref	f16
g66	t1651;t1652;t1655;t1658	t1649;t1650;t1653;t1654;t1656;t1657	ref	f12
g67	t1659;t1661;t1666;t1667;t1668	t1660;t1662;t1663;t1664;t1665	ref	f1
g67	t1659;t1661;t1666;t1667;t1668	t1660;t1662;t1663;t1664;t1665	ref	f4
g67	t1659;t1661;t1666;t1667;t1668	t1660;t1662;t1663;t1664;t1665	ref	f8
g67	t1659;t1661;t1666;t1667;t1668	t1660;t1662;t1663;t1664;t1665	ref	f6
g67	t1659;t1661;t1666;t1667;t1668	t1660;t1662;t1663;t1664;t1665	ref	f12
g68	t1669;t1671	t1670;t1672;t1673	ref	f1
g68	t1669;t1671	t1670;t1672;t1673	ref	f14
g68	t1669;t1671	t1670;t1672;t1673	ref	f13
g68	t1669;t1671	t1670;t1672;t1673	ref	f15
g68	t1669;t1671	t1670;t1672;t1673	ref	f11
g69	t1677;t1679;t1680;t1684;t1685	t1674;t1675;t1676;t1678;t1681;t1682;t1683;t1686	ref	f7
g69	t1677;t1679;t1680;t1684;t1685	t1674;t1675;t1676;t1678;t1681;t1682;t1683;t1686	ref	f20
g69	t1677;t1679;t1680;t1684;t1685	t1674;t1675;t1676;t1678;t1681;t1682;t1683;t1686	ref	f14
g69	t1677;t1679;t1680;t1684;t1685	t1674;t1675;t1676;t1678;t1681;t1682;t1683;t1686	ref	f13
g69	t1677;t1679;t1680;t1684;t1685	t1674;t1675;t1676;t1678;t1681;t1682;t1683;t1686	ref	f6
g7	t1688;t1689	t1687;t1690;t1691	ref	f14
g7	t1688;t1689	t1687;t1690;t1691	ref	f2
g7	t1688;t1689	t1687;t1690;t1691	ref	f9
g7	t1688;t1689	t1687;t1690;t1691	ref	f13
g7	t1688;t1689	t1687;t1690;t1691	ref	f5
g7	t1688;t1689	t1687;t1690;t1691	ref	f12
g70	t1692;t1694;t1696;t1697	t1693;t1695;t1698;t1699	ref	f11
g70	t1692;t1694;t1696;t1697	t1693;t1695;t1698;t1699	ref	f14
g70	t1692;t1694;t1696;t1697	t1693;t1695;t1698;t1699	ref	f2
g70	t1692;t1694;t1696;t1697	t1693;t1695;t1698;t1699	ref	f10
g71	t1701;t1703;t1705	t1700;t1702;t1704;t1706;t1707	ref	f4
g71	t1701;t1703;t1705	t1700;t1702;t1704;t1706;t1707	ref	f18
g71	t1701;t1703;t1705	t1700;t1702;t1704;t1706;t1707	ref	f16
g71	t1701;t1703;t1705	t1700;t1702;t1704;t1706;t1707	ref	f17
g71	t1701;t1703;t1705	t1700;t1702;t1704;t1706;t1707	ref	f12
g72	t1708;t1710;t1711;t1714;t1715	t1709;t1712;t1713;t1716;t1717	ref	f15
g72	t1708;t1710;t1711;t1714;t1715	t1709;t1712;t1713;t1716;t1717	ref	f17
g72	t1708;t1710;t1711;t1714;t1715	t1709;t1712;t1713;t1716;t1717	ref	f10
g73	t1722;t1723;t1727	t1718;t1719;t1720;t1721;t1724;t1725;t1726	ref	f1
g73	t1722;t1723;t1727	t1718;t1719;t1720;t1721;t1724;t1725;t1726	ref	f3
g73	t1722;t1723;t1727	t1718;t1719;t1720;t1721;t1724;t1725;t1726	ref	f2
g74	t1734;t1736	t1728;t1729;t1730;t1731;t1732;t1733;t1735	ref	f20
g74	t1734;t1736	t1728;t1729;t1730;t1731;t1732;t1733;t1735	ref	f8
g74	t1734;t1736	t1728;t1729;t1730;t1731;t1732;t1733;t1735	ref	f9
g74	t1734;t1736	t1728;t1729;t1730;t1731;t1732;t1733;t1735	ref	f19
g74	t1734;t1736	t1728;t1729;t1730;t1731;t1732;t1733;t1735	ref	f13
g75	t1737;t1739;t1741;t1742	t1738;t1740;t1743;t1744	ref	f14
g75	t1737;t1739;t1741;t1742	t1738;t1740;t1743;t1744	ref	f16
g76	t1746;t1747;t1748	t1745;t1749;t1750	ref	f20
g76	t1746;t1747;t1748	t1745;t1749;t1750	ref	f1
g76	t1746;t1747;t1748	t1745;t1749;t1750	ref	f5
g76	t1746;t1747;t1748	t1745;t1749;t1750	ref	f9
g77	t1752;t1758;t1759;t1760;t1761	t1751;t1753;t1754;t1755;t1756;t1757	ref	f20
g77	t1752;t1758;t1759;t1760;t1761	t1751;t1753;t1754;t1755;t1756;t1757	ref	f1
g77	t1752;t1758;t1759;t1760;t1761	t1751;t1753;t1754;t1755;t1756;t1757	ref	f19
g77	t1752;t1758;t1759;t1760;t1761	t1751;t1753;t1754;t1755;t1756;t1757	ref	f18
g78	t1765;t1768	t1762;t1763;t1764;t1766;t1767;t1769	ref	f20
g78	t1765;t1768	t1762;t1763;t1764;t1766;t1767;t1769	ref	f19
g78	t1765;t1768	t1762;t1763;t1764;t1766;t1767;t1769	ref	f13
g78	t1765;t1768	t1762;t1763;t1764;t1766;t1767;t1769	ref	f6
g78	t1765;t1768	t1762;t1763;t1764;t1766;t1767;t1769	ref	f12
g79	t1770;t1774	t1771;t1772;t1773	ref	f7
g79	t1770;t1774	t1771;t1772;t1773	ref	f1
g79	t1770;t1774	t1771;t1772;t1773	ref	f2
g79	t1770;t1774	t1771;t1772;t1773	ref	f18
g79	t1770;t1774	t1771;t1772;t1773	ref	f15
g79	t1770;t1774	t1771;t1772;t1773	ref	f16
g8	t1775;t1776;t1780;t1783	t1777;t1778;t1779;t1781;t1782;t1784;t1785	ref	f5
g8	t1775;t1776;t1780;t1783	t1777;t1778;t1779;t1781;t1782;t1784;t1785	ref	f12
g8	t1775;t1776;t1780;t1783	t1777;t1778;t1779;t1781;t1782;t1784;t1785	ref	f7
g8	t1775;t1776;t1780;t1783	t1777;t1778;t1779;t1781;t1782;t1784;t1785	ref	f10
g80	t1788;t1791;t1795;t1796	t1786;t1787;t1789;t1790;t1792;t1793;t1794	ref	f7
g80	t1788;t1791;t1795;t1796	t1786;t1787;t1789;t1790;t1792;t1793;t1794	ref	f3
g80	t1788;t1791;t1795;t1796	t1786;t1787;t1789;t1790;t1792;t1793;t1794	ref	f2
g80	t1788;t1791;t1795;t1796	t1786;t1787;t1789;t1790;t1792;t1793;t1794	ref	f10
g80	t1788;t1791;t1795;t1796	t1786;t1787;t1789;t1790;t1792;t1793;t1794	ref	f9
g80	t1788;t1791;t1795;t1796	t1786;t1787;t1789;t1790;t1792;t1793;t1794	ref	f17
g81	t1797;t1800;t1802;t1805	t1798;t1799;t1801;t1803;t1804	ref	f20
g81	t1797;t1800;t1802;t1805	t1798;t1799;t1801;t1803;t1804	ref	f1
g81	t1797;t1800;t1802;t1805	t1798;t1799;t1801;t1803;t1804	ref	f10
g81	t1797;t1800;t1802;t1805	t1798;t1799;t1801;t1803;t1804	ref	f13
g81	t1797;t1800;t1802;t1805	t1798;t1799;t1801;t1803;t1804	ref	f15
g82	t1807;t1808;t1811;t1813	t1806;t1809;t1810;t1812;t1814	ref	f7
g82	t1807;t1808;t1811;t1813	t1806;t1809;t1810;t1812;t1814	ref	f10
g82	t1807;t1808;t1811;t1813	t1806;t1809;t1810;t1812;t1814	ref	f9
g82	t1807;t1808;t1811;t1813	t1806;t1809;t1810;t1812;t1814	ref	f19
g82	t1807;t1808;t1811;t1813	t1806;t1809;t1810;t1812;t1814	ref	f18
g83	t1815;t1817;t1819;t1822	t1816;t1818;t1820;t1821;t1823	ref	f20
g83	t1815;t1817;t1819;t1822	t1816;t1818;t1820;t1821;t1823	ref	f4
g83	t1815;t1817;t1819;t1822	t1816;t1818;t1820;t1821;t1823	ref	f19
g83	t1815;t1817;t1819;t1822	t1816;t1818;t1820;t1821;t1823	ref	f13
g83	t1815;t1817;t1819;t1822	t1816;t1818;t1820;t1821;t1823	ref	f16
g84	t1824;t1832;t1834	t1825;t1826;t1827;t1828;t1829;t1830;t1831;t1833;t1835;t1836;t1837;t1838	ref	f20
g84	t1824;t1832;t1834	t1825;t1826;t1827;t1828;t1829;t1830;t1831;t1833;t1835;t1836;t1837;t1838	ref	f12
g84	t1824;t1832;t1834	t1825;t1826;t1827;t1828;t1829;t1830;t1831;t1833;t1835;t1836;t1837;t1838	ref	f11
g84	t1824;t1832;t1834	t1825;t1826;t1827;t1828;t1829;t1830;t1831;t1833;t1835;t1836;t1837;t1838	ref	f13
g85	t1839	t1840;t1841;t1842	ref	f7
g85	t1839	t1840;t1841;t1842	ref	f14
g85	t1839	t1840;t1841;t1842	ref	f10
g86	t1845;t1847;t1852;t1853;t1856	t1843;t1844;t1846;t1848;t1849;t1850;t1851;t1854;t1855	ref	f1
g86	t1845;t1847;t1852;t1853;t1856	t1843;t1844;t1846;t1848;t1849;t1850;t1851;t1854;t1855	ref	f8
g86	t1845;t1847;t1852;t1853;t1856	t1843;t1844;t1846;t1848;t1849;t1850;t1851;t1854;t1855	ref	f2
g86	t1845;t1847;t1852;t1853;t1856	t1843;t1844;t1846;t1848;t1849;t1850;t1851;t1854;t1855	ref	f13
g86	t1845;t1847;t1852;t1853;t1856	t1843;t1844;t1846;t1848;t1849;t1850;t1851;t1854;t1855	ref	f11
g86	t1845;t1847;t1852;t1853;t1856	t1843;t1844;t1846;t1848;t1849;t1850;t1851;t1854;t1855	ref	f12
g87	t1857;t1860;t1863;t1865	t1858;t1859;t1861;t1862;t1864	ref	f20
g87	t1857;t1860;t1863;t1865	t1858;t1859;t1861;t1862;t1864	ref	f4
g87	t1857;t1860;t1863;t1865	t1858;t1859;t1861;t1862;t1864	ref	f14
g87	t1857;t1860;t1863;t1865	t1858;t1859;t1861;t1862;t1864	ref	f2
g87	t1857;t1860;t1863;t1865	t1858;t1859;t1861;t1862;t1864	ref	f13
g88	t1867;t1868;t1869;t1872;t1874;t1878;t1880	t1866;t1870;t1871;t1873;t1875;t1876;t1877;t1879	ref	f20
g88	t1867;t1868;t1869;t1872;t1874;t1878;t1880	t1866;t1870;t1871;t1873;t1875;t1876;t1877;t1879	ref	f16
g88	t1867;t1868;t1869;t1872;t1874;t1878;t1880	t1866;t1870;t1871;t1873;t1875;t1876;t1877;t1879	ref	f3
g88	t1867;t1868;t1869;t1872;t1874;t1878;t1880	t1866;t1870;t1871;t1873;t1875;t1876;t1877;t1879	ref	f2
g89	t1881;t1882;t1884;t1885	t1883;t1886;t1887;t1888	ref	f13
g89	t1881;t1882;t1884;t1885	t1883;t1886;t1887;t1888	ref	f18
g89	t1881;t1882;t1884;t1885	t1883;t1886;t1887;t1888	ref	f11
g89	t1881;t1882;t1884;t1885	t1883;t1886;t1887;t1888	ref	f17
g89	t1881;t1882;t1884;t1885	t1883;t1886;t1887;t1888	ref	f12
g9	t1891;t1893;t1895;t1897	t1889;t1890;t1892;t1894;t1896;t1898;t1899	ref	f20
g9	t1891;t1893;t1895;t1897	t1889;t1890;t1892;t1894;t1896;t1898;t1899	ref	f3
g9	t1891;t1893;t1895;t1897	t1889;t1890;t1892;t1894;t1896;t1898;t1899	ref	f15
g9	t1891;t1893;t1895;t1897	t1889;t1890;t1892;t1894;t1896;t1898;t1899	ref	f11
g9	t1891;t1893;t1895;t1897	t1889;t1890;t1892;t1894;t1896;t1898;t1899	ref	f17
g90	t1902;t1907;t1909;t1912;t1913	t1900;t1901;t1903;t1904;t1905;t1906;t1908;t1910;t1911;t1914	ref	f18
g90	t1902;t1907;t1909;t1912;t1913	t1900;t1901;t1903;t1904;t1905;t1906;t1908;t1910;t1911;t1914	ref	f15
g90	t1902;t1907;t1909;t1912;t1913	t1900;t1901;t1903;t1904;t1905;t1906;t1908;t1910;t1911;t1914	ref	f11
g90	t1902;t1907;t1909;t1912;t1913	t1900;t1901;t1903;t1904;t1905;t1906;t1908;t1910;t1911;t1914	ref	f16
g90	t1902;t1907;t1909;t1912;t1913	t1900;t1901;t1903;t1904;t1905;t1906;t1908;t1910;t1911;t1914	ref	f12
g91	t1918;t1922;t1923	t1915;t1916;t1917;t1919;t1920;t1921	ref	f4
g91	t1918;t1922;t1923	t1915;t1916;t1917;t1919;t1920;t1921	ref	f11
g91	t1918;t1922;t1923	t1915;t1916;t1917;t1919;t1920;t1921	ref	f3
g91	t1918;t1922;t1923	t1915;t1916;t1917;t1919;t1920;t1921	ref	f18
g92	t1928;t1929;t1931	t1924;t1925;t1926;t1927;t1930	ref	f1
g92	t1928;t1929;t1931	t1924;t1925;t1926;t1927;t1930	ref	f7
g92	t1928;t1929;t1931	t1924;t1925;t1926;t1927;t1930	ref	f17
g93	t1932;t1934;t1935;t1936	t1933;t1937;t1938;t1939;t1940	ref	f8
g93	t1932;t1934;t1935;t1936	t1933;t1937;t1938;t1939;t1940	ref	f13
g93	t1932;t1934;t1935;t1936	t1933;t1937;t1938;t1939;t1940	ref	f18
g93	t1932;t1934;t1935;t1936	t1933;t1937;t1938;t1939;t1940	ref	f5
g93	t1932;t1934;t1935;t1936	t1933;t1937;t1938;t1939;t1940	ref	f15
g93	t1932;t1934;t1935;t1936	t1933;t1937;t1938;t1939;t1940	ref	f17
g94	t1943;t1944;t1946	t1941;t1942;t1945;t1947	ref	f1
g94	t1943;t1944;t1946	t1941;t1942;t1945;t1947	ref	f14
g94	t1943;t1944;t1946	t1941;t1942;t1945;t1947	ref	f12
g95	t1948;t1950;t1951;t1955;t1956	t1949;t1952;t1953;t1954;t1957;t1958;t1959	ref	f20
g95	t1948;t1950;t1951;t1955;t1956	t1949;t1952;t1953;t1954;t1957;t1958;t1959	ref	f4
g95	t1948;t1950;t1951;t1955;t1956	t1949;t1952;t1953;t1954;t1957;t1958;t1959	ref	f7
g95	t1948;t1950;t1951;t1955;t1956	t1949;t1952;t1953;t1954;t1957;t1958;t1959	ref	f8
g96	t1960;t1962;t1966;t1969	t1961;t1963;t1964;t1965;t1967;t1968;t1970;t1971	ref	f9
g96	t1960;t1962;t1966;t1969	t1961;t1963;t1964;t1965;t1967;t1968;t1970;t1971	ref	f1
g96	t1960;t1962;t1966;t1969	t1961;t1963;t1964;t1965;t1967;t1968;t1970;t1971	ref	f4
g96	t1960;t1962;t1966;t1969	t1961;t1963;t1964;t1965;t1967;t1968;t1970;t1971	ref	f12
g97	t1973;t1976;t1977;t1978;t1979	t1972;t1974;t1975;t1980;t1981	ref	f20
g97	t1973;t1976;t1977;t1978;t1979	t1972;t1974;t1975;t1980;t1981	ref	f1
g97	t1973;t1976;t1977;t1978;t1979	t1972;t1974;t1975;t1980;t1981	ref	f2
g97	t1973;t1976;t1977;t1978;t1979	t1972;t1974;t1975;t1980;t1981	ref	f9
g97	t1973;t1976;t1977;t1978;t1979	t1972;t1974;t1975;t1980;t1981	ref	f5
g98	t1983;t1984;t1985;t1987	t1982;t1986;t1988;t1989	ref	f5
g98	t1983;t1984;t1985;t1987	t1982;t1986;t1988;t1989	ref	f7
g98	t1983;t1984;t1985;t1987	t1982;t1986;t1988;t1989	ref	f14
g98	t1983;t1984;t1985;t1987	t1982;t1986;t1988;t1989	ref	f11
g99	t1990;t1991;t1992;t1998;t2000	t1993;t1994;t1995;t1996;t1997;t1999	ref	f12
g99	t1990;t1991;t1992;t1998;t2000	t1993;t1994;t1995;t1996;t1997;t1999	ref	f13
g99	t1990;t1991;t1992;t1998;t2000	t1993;t1994;t1995;t1996;t1997;t1999	ref	f14
g99	t1990;t1991;t1992;t1998;t2000	t1993;t1994;t1995;t1996;t1997;t1999	ref	f8
